born_country,born_region,height_cm,weight_kg
AFG,Kabul,170.65217391304347,69.13636363636364
AFG,Kandahar,165.0,55.0
AGU,Anguilla,186.0,78.0
ALB,Dibër,159.0,45.0
ALB,Durrës,172.5,82.0
ALB,Elbasan,172.8,75.6
ALB,Fier,187.0,97.5
ALB,Gjirokastër,166.0,60.0
ALB,Korçë,174.8,84.75
ALB,Kukës,168.0,70.5
ALB,Shkodër,181.375,80.0
ALB,Tirana,174.85714285714286,73.42857142857143
ALB,Vlorë,168.8,65.25
ALG,Annaba,177.0,69.0
ALG,Aïn Defla,173.0,62.0
ALG,Aïn Témouchent,177.33333333333334,64.0
ALG,Batna,176.5,69.5
ALG,Biskra,170.0,61.5
ALG,Blida,176.2,61.0
ALG,Bordj Bou Arréridj,171.2,63.6
ALG,Bouira,172.0,69.0
ALG,Boumerdès,175.25,64.25
ALG,Béchar,,
ALG,Béjaïa,175.26315789473685,63.421052631578945
ALG,Chlef,173.66666666666666,67.0
ALG,Constantine,178.55555555555554,73.11111111111111
ALG,El Bayadh,177.0,69.0
ALG,El Oued,175.0,73.0
ALG,Jijel,178.71428571428572,66.28571428571429
ALG,Khenchela,187.0,80.0
ALG,Laghouat,175.5,71.0
ALG,Mascara,178.33333333333334,69.33333333333333
ALG,Mila,172.0,55.0
ALG,Mostaganem,180.0,80.0
ALG,Médéa,171.5,68.5
ALG,Naama,158.0,50.0
ALG,Oran,180.0,73.5
ALG,Sidi Bel Abbès,175.0,65.5
ALG,Skikda,170.0,75.0
ALG,Souk Ahras,170.0,67.0
ALG,Sétif,178.875,71.0
ALG,Tiaret,170.0,68.0
ALG,Tipasa,171.75,64.5
ALG,Tissemsilt,180.0,64.0
ALG,Tizi Ouzou,181.375,74.125
ALG,Tlemcen,176.2,68.0
AND,Andorra la Vella,170.52941176470588,66.3529411764706
AND,Encamp,174.0,68.0
AND,Escaldes-Engordany,172.66666666666666,67.0
AND,La Massana,184.0,76.0
AND,Ordino,181.0,83.0
AND,Sant Julià de Lòria,169.5,65.0
ANG,Bengo,172.0,72.0
ANG,Benguela,182.71428571428572,82.42857142857143
ANG,Cabinda,171.66666666666666,64.0
ANG,Cuanza Sul,158.0,49.5
ANG,Huambo,176.0,77.0
ANG,Huíla,179.83333333333334,72.83333333333333
ANG,Luanda,180.66666666666666,77.85333333333334
ANG,Lunda Sul,196.0,106.0
ANG,Namibe,190.0,85.0
ANG,Uíge,164.0,62.0
ANT,Saint Peter,188.0,80.0
ANT,Saint Philip,176.0,
ARG,Chaco,176.83333333333334,81.0
ARG,Chubut,172.55555555555554,68.25
ARG,Ciudad Autónoma de Buenos Aires,176.86802030456852,73.85393258426966
ARG,Corrientes,174.54545454545453,68.44444444444444
ARG,Córdoba,177.8372093023256,74.0632911392405
ARG,Entre Ríos,178.07894736842104,75.34285714285714
ARG,Formosa,187.5,83.5
ARG,Jujuy,173.0,74.5
ARG,La Pampa,177.8,75.75
ARG,La Rioja,182.5,77.0
ARG,Mendoza,172.56666666666666,67.0
ARG,Misiones,177.0,71.2
ARG,Neuquén,176.75,75.25
ARG,Provincia de Buenos Aires,178.76521739130436,76.31162790697674
ARG,Río Negro,175.93333333333334,72.4
ARG,Salta,167.33333333333334,63.666666666666664
ARG,San Juan,184.76470588235293,81.28571428571429
ARG,San Luis,,
ARG,Santa Cruz,164.0,64.0
ARG,Santa Fe,180.5,76.63779527559055
ARG,Santiago del Estero,172.33333333333334,72.0
ARG,Tucumán,178.45,76.22222222222223
ARM,Ararat,166.25,77.5
ARM,Armavir,173.28571428571428,77.92307692307692
ARM,Gegharkunik,169.33333333333334,72.33333333333333
ARM,Kotayk,173.5,71.25
ARM,Lori,170.5,63.642857142857146
ARM,Shirak,170.60416666666666,72.04347826086956
ARM,Syunik,173.25,66.25
ARM,Tavush,170.0,60.0
ARM,Yerevan,172.58333333333334,68.08620689655173
ARU,Aruba,178.57142857142858,89.42857142857143
ASA,Eastern,181.5,72.5
AUS,Australian Capital Territory,175.86206896551724,70.23636363636363
AUS,New South Wales,177.84175084175084,74.31459330143541
AUS,Northern Territory,182.12,81.34782608695652
AUS,Queensland,176.72559366754618,71.55277777777778
AUS,South Australia,179.8443396226415,76.43137254901961
AUS,Tasmania,180.06666666666666,73.80701754385964
AUS,Victoria,178.0430769230769,72.90614886731392
AUS,Western Australia,178.27354260089686,74.84651162790698
AUT,Burgenland,173.6,72.2
AUT,Kärnten,179.10687022900763,77.91538461538461
AUT,Niederösterreich,178.6417910447761,74.06349206349206
AUT,Oberösterreich,178.03870967741935,74.04516129032258
AUT,Salzburg,177.26206896551724,72.93055555555556
AUT,Steiermark,177.6074074074074,72.89393939393939
AUT,Tirol,176.59786476868328,73.05734767025089
AUT,Vorarlberg,176.02409638554218,72.95121951219512
AUT,Wien,176.73033707865167,72.56326530612245
AZE,Abşeron,188.0,100.0
AZE,Astara,170.0,74.0
AZE,Ağstafa,,
AZE,Bakı,173.10526315789474,68.74666666666667
AZE,Balakən,171.0,66.0
AZE,Beyləqan,164.0,55.0
AZE,Cəbrayıl,175.0,78.0
AZE,Füzuli,175.0,
AZE,Göygöl,,
AZE,Gədəbəy,170.0,94.0
AZE,Gəncə,171.71428571428572,65.28571428571429
AZE,Kəlbəcər,166.0,57.0
AZE,Lənkəran Rayon,154.0,48.0
AZE,Lənkəran Şəhər,177.25,71.0
AZE,Mingəçevir,178.0,91.0
AZE,Naxçıvan Şəhər,169.0,65.0
AZE,Qazax,170.0,60.0
AZE,Qubadlı,165.5,61.5
AZE,Qusar,173.0,67.0
AZE,Sumqayıt,170.25,64.25
AZE,Tovuz,176.0,73.0
AZE,Xocavənd,160.0,62.0
AZE,Yevlax Şəhər,184.0,80.0
AZE,İsmayıllı,162.0,62.0
AZE,Şirvan,160.0,54.0
AZE,Şəki,165.0,
AZE,Şərur,164.0,66.0
Aarhus,Århus,184.0,75.0
Altmark,Bismark,172.0,73.0
BAH,Acklins,178.0,75.0
BAH,Bimini,185.0,80.0
BAH,City of Freeport,180.6,73.78571428571429
BAH,New Providence,177.5909090909091,72.953125
BAH,North Abaco,,
BAH,West Grand Bahama,185.0,79.0
BAN,Dhaka,171.4,70.5
BAN,Khulna,159.5,60.5
BAN,Rajshahi,171.0,65.5
BAR,Saint George,178.0,59.0
BAR,Saint Lucy,183.0,72.0
BAR,Saint Michael,179.7037037037037,75.11538461538461
BAR,Saint Peter,191.0,85.0
BAR,Saint Philip,178.0,73.0
BDI,Bujumbura Mairie,176.0,66.5
BDI,Bujumbura Rural,169.0,47.5
BDI,Bururi,169.0,54.0
BDI,Cibitoke,,
BDI,Karuzi,180.0,65.0
BDI,Makamba,170.5,58.0
BDI,Muramvya,170.0,62.0
BDI,Mwaro,162.0,52.0
BDI,Rutana,169.0,60.0
BDI,Ruyigi,166.0,60.0
BEL,Antwerpen,177.42583732057417,71.75257731958763
BEL,Brabant Wallon,176.875,71.85714285714286
BEL,Hainaut,174.825,71.51282051282051
BEL,Limburg,178.73015873015873,71.74603174603175
BEL,Liège,174.93150684931507,69.22058823529412
BEL,Luxembourg,174.64285714285714,65.66666666666667
BEL,Namur,176.72727272727272,70.0
BEL,Oost-Vlaanderen,176.81756756756758,70.39160839160839
BEL,Région de Bruxelles-Capitale,178.17365269461078,73.18238993710692
BEL,Vlaams Brabant,174.88888888888889,66.33962264150944
BEL,West-Vlaanderen,178.27433628318585,70.62857142857143
BEN,Atakora,168.0,56.0
BEN,Atlantique,178.5,82.0
BEN,Collines,178.0,71.0
BEN,Littoral,177.0,72.83333333333333
BEN,Ouémé,177.6,68.2
BEN,Zou,168.0,60.0
BER,Paget,177.05882352941177,71.88235294117646
BER,Pembroke,173.92857142857142,69.84615384615384
BER,Sandys,187.5,91.0
BHU,Dagana,152.0,51.0
BHU,Paro,165.0,59.0
BHU,Thimphu,163.0,63.0
BHU,Trashigang,165.0,52.0
BHU,Trashiyangtse,163.0,51.0
BIH,Banja Luka,183.64,82.56
BIH,Bijeljina,178.5,79.5
BIH,Bosansko-podrinjski kanton,173.66666666666666,70.66666666666667
BIH,Brčko Distrikt,186.0,81.0
BIH,Doboj,186.54545454545453,91.36363636363636
BIH,Foča,178.16666666666666,73.16666666666667
BIH,Hercegovačko-neretvanski kanton,189.2608695652174,86.91304347826087
BIH,Kanton 10,185.5,95.625
BIH,Kanton Sarajevo,181.22727272727272,77.20454545454545
BIH,Prijedor,,
BIH,Sarajevo-Romanija,186.5,92.0
BIH,Srednjobosanski kanton,184.85714285714286,85.85714285714286
BIH,Trebinje,188.0,80.4
BIH,Tuzlanski kanton,183.33333333333334,77.86666666666666
BIH,Unsko-sanski kanton,182.4,84.3
BIH,Vlasenica,177.4,84.8
BIH,Zapadnohercegovački kanton,198.33333333333334,110.66666666666667
BIH,Zeničko-dobojski kanton,188.23076923076923,90.6923076923077
BIZ,Belize,173.75,70.125
BIZ,Corozal,166.0,63.0
BIZ,Stann Creek,157.0,59.0
BIZ,Toledo,175.0,73.0
BLR,Brest,178.28378378378378,73.48648648648648
BLR,Homel,179.05,74.41
BLR,Hrodna,175.94117647058823,75.96470588235294
BLR,Mahilyow,176.73417721518987,74.67088607594937
BLR,Minsk,176.92619926199262,70.05639097744361
BLR,Minsk Voblast,175.73333333333332,72.68333333333334
BLR,Vitebsk,177.03370786516854,76.10227272727273
BOL,Beni,,
BOL,Cochabamba,171.25,65.0
BOL,La Paz,168.71428571428572,61.285714285714285
BOL,Oruro,165.0,55.0
BOL,Potosí,168.0,59.0
BOL,Santa Cruz,177.625,75.71428571428571
BOL,Tarija,,
BOT,Central,175.0,65.25
BOT,Francistown,162.0,57.0
BOT,Gaborone,171.0,57.0
BOT,Jwaneng,175.0,72.0
BOT,Kgatleng,,
BOT,North East,179.5,66.0
BOT,North West,178.0,64.0
BOT,South East,,
BOT,Southern,188.0,74.0
BRA,Acre,181.0,76.75
BRA,Alagoas,171.375,66.0
BRA,Amapá,187.5,74.0
BRA,Amazonas,168.16666666666666,61.5
BRA,Bahia,175.42372881355934,69.20689655172414
BRA,Ceará,173.76470588235293,69.0
BRA,Distrito Federal,176.86111111111111,68.55555555555556
BRA,Espírito Santo,180.25,75.08695652173913
BRA,Goiás,176.71428571428572,71.21428571428571
BRA,Maranhão,171.125,64.875
BRA,Mato Grosso,179.6,71.0
BRA,Mato Grosso do Sul,186.0,80.53846153846153
BRA,Minas Gerais,179.71875,73.05882352941177
BRA,Paraná,178.5132743362832,72.02752293577981
BRA,Paraíba,178.375,74.13636363636364
BRA,Pará,174.3684210526316,66.58823529411765
BRA,Pernambuco,177.72727272727272,74.04761904761905
BRA,Piauí,167.375,68.71428571428571
BRA,Rio Grande do Norte,173.2,69.5
BRA,Rio Grande do Sul,178.8,75.12408759124088
BRA,Rio de Janeiro,177.55841121495328,72.46632124352331
BRA,Rondônia,169.33333333333334,62.666666666666664
BRA,Roraima,169.33333333333334,61.666666666666664
BRA,Santa Catarina,177.55714285714285,73.53623188405797
BRA,Sergipe,178.0,78.83333333333333
BRA,São Paulo,178.35532233883058,73.96815286624204
BRN,Al-Asimah,166.5,62.0
BRN,Al-Janobiyah,168.25,69.75
BRN,Al-Muharaq,169.66666666666666,71.0
BRN,Ash-Shamaliyah,172.5,67.0
BRU,Brunei-Muara,166.0,59.8
BUL,Blagoevgrad,176.88235294117646,76.51515151515152
BUL,Burgas,177.0,79.54285714285714
BUL,Dobrich,173.96,71.95833333333333
BUL,Gabrovo,175.72727272727272,69.81818181818181
BUL,Haskovo,174.73529411764707,73.91176470588235
BUL,Kardzhali,170.36363636363637,75.11111111111111
BUL,Kyustendil,176.34782608695653,72.63636363636364
BUL,Lovech,174.1818181818182,71.31818181818181
BUL,Montana,179.5625,76.125
BUL,Pazardzhik,176.97674418604652,73.19047619047619
BUL,Pernik,178.84375,78.06666666666666
BUL,Pleven,176.65625,70.5625
BUL,Plovdiv,176.1851851851852,74.06666666666666
BUL,Razgrad,172.89473684210526,73.5
BUL,Ruse,176.47368421052633,73.71052631578948
BUL,Shumen,164.0,70.0
BUL,Silistra,172.8,67.6
BUL,Sliven,172.5,71.16129032258064
BUL,Smolyan,177.61904761904762,74.19047619047619
BUL,Sofia Grad,177.27364864864865,72.02405498281787
BUL,Sofia Oblast,173.45652173913044,69.4
BUL,Stara Zagora,173.95,76.15384615384616
BUL,Targovishte,169.42857142857142,66.14285714285714
BUL,Varna,171.56603773584905,66.47058823529412
BUL,Veliko Tarnovo,170.0,66.46153846153847
BUL,Vidin,177.6,76.8
BUL,Vratsa,176.55,71.3
BUL,Yambol,171.4090909090909,67.9090909090909
BUR,Centre,179.875,80.125
BUR,Centre-Nord,192.0,
BUR,Centre-Ouest,167.0,63.0
BUR,Hauts-Bassins,179.0,73.33333333333333
CAF,Bangui,177.83333333333334,68.5
CAF,Mambéré-Kadéï,,
CAM,Kandal,170.0,60.0
CAM,Phnom Penh,168.41666666666666,61.25
CAM,Pursat,,
CAM,Sihanoukville,165.0,
CAN,Alberta,177.21911421911423,73.46987951807229
CAN,British Columbia,177.7289719626168,73.4171974522293
CAN,Manitoba,176.33333333333334,72.41509433962264
CAN,New Brunswick,174.70454545454547,69.85
CAN,Newfoundland and Labrador,173.42857142857142,74.71428571428571
CAN,Northwest Territories,173.0,63.5
CAN,Nova Scotia,177.16455696202533,74.57692307692308
CAN,Nunavut,175.0,73.0
CAN,Ontario,176.81534772182255,73.50041425020713
CAN,Prince Edward Island,180.57142857142858,82.53846153846153
CAN,Québec,173.9029374201788,70.38851802403204
CAN,Saskatchewan,176.10982658959537,74.35119047619048
CAN,Yukon,183.83333333333334,80.66666666666667
CAY,Cayman Islands,179.71428571428572,75.42857142857143
CGO,Brazzaville,177.69230769230768,75.0
CGO,Likouala,178.75,72.0
CGO,Niari,168.0,52.0
CGO,Pointe-Noire,,
CGO,Pool,179.0,69.5
CHA,Lac,170.0,59.0
CHA,Moyen-Chari,180.0,65.0
CHI,Aisén,182.5,75.0
CHI,Antofagasta,174.75,65.875
CHI,Araucanía,165.71428571428572,60.5
CHI,Arica and Parinacota,157.0,49.0
CHI,Atacama,175.0,82.5
CHI,Biobío,173.16666666666666,67.6
CHI,Coquimbo,167.5,90.0
CHI,Los Lagos,174.58333333333334,74.75
CHI,Los Ríos,179.85714285714286,75.23076923076923
CHI,Magallanes and Antártica Chilena,181.0,78.0
CHI,Maule,170.5,65.875
CHI,Santiago Metropolitan,173.9318181818182,71.53225806451613
CHI,Tarapacá,183.14285714285714,67.8
CHI,Valparaíso,173.5909090909091,68.80952380952381
CHI,Ñuble,191.0,88.0
CHN,Anhui,174.375,67.3125
CHN,Beijing,175.17424242424244,68.93893129770993
CHN,Chongqing,172.8,62.9
CHN,Fujian,173.78688524590163,67.50819672131148
CHN,Gansu,172.5,65.1
CHN,Guangdong,170.96825396825398,64.1951219512195
CHN,Guangxi,166.7872340425532,60.02127659574468
CHN,Guizhou,174.0,70.91666666666667
CHN,Hainan,171.33333333333334,63.666666666666664
CHN,Hebei,174.23880597014926,69.25373134328358
CHN,Heilongjiang,172.06508875739644,66.14285714285714
CHN,Henan,177.98,71.52
CHN,Hubei,169.22413793103448,61.43103448275862
CHN,Hunan,165.08510638297872,58.91489361702128
CHN,Jiangsu,175.1118881118881,67.85314685314685
CHN,Jiangxi,172.73684210526315,65.63157894736842
CHN,Jilin,172.4578313253012,65.79268292682927
CHN,Liaoning,176.614406779661,71.29741379310344
CHN,Nei Mongol,177.0,70.27272727272727
CHN,Ningxia,184.5,82.5
CHN,Qinghai,165.0,52.5
CHN,Shaanxi,169.375,64.5
CHN,Shandong,176.80263157894737,73.01973684210526
CHN,Shanghai,177.81333333333333,72.05405405405405
CHN,Shanxi,184.06666666666666,81.0
CHN,Sichuan,170.46478873239437,62.71830985915493
CHN,Tianjin,175.8679245283019,68.31372549019608
CHN,Tibet,175.0,55.0
CHN,Xinjiang,182.76923076923077,77.3076923076923
CHN,Yunnan,172.27777777777777,62.0
CHN,Zhejiang,177.0,68.58571428571429
CIV,Abidjan,179.8095238095238,74.62857142857143
CIV,Bas-Sassandra,188.0,88.5
CIV,Comoé,178.66666666666666,71.0
CIV,Denguélé,,
CIV,Gôh-Djiboua,175.75,71.0
CIV,Lacs,180.0,96.0
CIV,Lagunes,180.77777777777777,76.33333333333333
CIV,Montagnes,,
CIV,Sassandra-Marahoué,172.66666666666666,69.33333333333333
CIV,Savanes,178.75,81.75
CIV,Vallée du Bandama,178.66666666666666,75.33333333333333
CIV,Woroba,180.0,75.0
CIV,Yamoussoukro,187.0,
CIV,Zanzan,177.66666666666666,69.0
CMR,Adamawa,183.0,98.0
CMR,Centre,173.89285714285714,71.86274509803921
CMR,Far North,176.0,75.0
CMR,Littoral,174.25641025641025,72.8974358974359
CMR,North,179.5,76.25
CMR,Northwest,158.0,71.5
CMR,South,175.75,68.0
CMR,Southwest,180.625,80.0
CMR,West,173.22222222222223,77.11111111111111
COD,Haut-Katanga,180.55555555555554,74.77777777777777
COD,Kasaï central,199.0,89.0
COD,Kasaï oriental,,
COD,Kinshasa,178.58333333333334,73.8695652173913
COD,Mongala,165.0,63.0
COD,Nord-Kivu,,
COD,Sankuru,,
COD,Sud-Kivu,176.0,79.66666666666667
COD,Tshopo,183.33333333333334,80.66666666666667
COD,Équateur,182.0,82.0
COK,Manihiki,168.0,79.0
COL,Antioquia,170.61417322834646,65.41463414634147
COL,Atlántico,174.42307692307693,66.23076923076923
COL,Bogotá,170.0188679245283,63.73076923076923
COL,Bolívar,173.0,65.0
COL,Boyacá,166.88235294117646,60.142857142857146
COL,Caldas,172.33333333333334,67.16666666666667
COL,Caquetá,169.66666666666666,64.33333333333333
COL,Casanare,182.0,64.0
COL,Cauca,172.16666666666666,64.91666666666667
COL,Cesar,173.2,65.2
COL,Chocó,171.33333333333334,65.5
COL,Cundinamarca,169.45454545454547,62.72727272727273
COL,Córdoba,169.4,63.4
COL,Huila,173.0,68.5
COL,La Guajira,166.75,61.0
COL,Magdalena,174.1,69.22222222222223
COL,Meta,160.0,48.5
COL,Nariño,170.8,64.6
COL,Norte de Santander,167.0,60.2
COL,Quindío,173.0,72.5
COL,Risaralda,173.11111111111111,65.22222222222223
COL,San Andrés and Providencia,167.5,65.0
COL,Santander,169.06666666666666,65.2
COL,Sucre,169.66666666666666,58.666666666666664
COL,Tolima,166.15384615384616,61.75
COL,Valle del Cauca,171.4470588235294,67.70370370370371
COM,Grande Comore,163.75,51.25
COM,Mohéli,,
CPV,Praia,175.6,65.75
CPV,Sal,182.33333333333334,62.333333333333336
CPV,Santa Catarina,173.33333333333334,65.33333333333333
CPV,Santa Cruz,,
CRC,Alajuela,175.23076923076923,72.0
CRC,Cartago,174.44444444444446,69.88888888888889
CRC,Guanacaste,175.5,65.0
CRC,Heredia,175.66666666666666,68.0
CRC,Limón,177.0,69.0909090909091
CRC,Puntarenas,174.0,67.83333333333333
CRC,San José,172.5,68.25352112676056
CRO,Bjelovarsko-bilogorska županija,180.85714285714286,78.42857142857143
CRO,Brodsko-posavska županija,175.5,72.0
CRO,Dubrovačko-neretvanska županija,188.5090909090909,86.96363636363637
CRO,Grad Zagreb,182.17391304347825,79.24444444444444
CRO,Istarska županija,186.88,84.73913043478261
CRO,Karlovačka županija,178.5,74.625
CRO,Koprivničko-križevačka županija,184.16666666666666,80.33333333333333
CRO,Krapinsko-zagorska županija,169.5,75.5
CRO,Ličko-senjska županija,186.42857142857142,85.14285714285714
CRO,Međimurska županija,177.83333333333334,73.16666666666667
CRO,Osječko-baranjska županija,181.5185185185185,79.07407407407408
CRO,Požeško-slavonska županija,185.57142857142858,80.71428571428571
CRO,Primorsko-goranska županija,182.34722222222223,81.875
CRO,Sisačko-moslavačka županija,180.36363636363637,77.4
CRO,Splitsko-dalmatinska županija,185.93661971830986,82.78571428571429
CRO,Varaždinska županija,179.21428571428572,76.07142857142857
CRO,Virovitičko-podravska županija,186.0,83.0
CRO,Vukovarsko-srijemska županija,184.36363636363637,82.81818181818181
CRO,Zadarska županija,185.6,83.34285714285714
CRO,Zagrebačka županija,176.0,67.0
CRO,Šibensko-kninska županija,186.88235294117646,82.36363636363636
CUB,Artemisa,175.6818181818182,76.80952380952381
CUB,Camagüey,178.71875,75.55555555555556
CUB,Ciego de Ávila,175.4090909090909,75.54545454545455
CUB,Cienfuegos,178.25806451612902,76.80645161290323
CUB,Ciudad de La Habana,176.26119402985074,73.14503816793894
CUB,Granma,171.06666666666666,68.03448275862068
CUB,Guantánamo,173.40740740740742,72.29629629629629
CUB,Holguín,175.8421052631579,73.73684210526316
CUB,Isla de la Juventud,173.0,75.71428571428571
CUB,Las Tunas,175.06666666666666,74.86666666666666
CUB,Matanzas,178.66666666666666,77.5
CUB,Mayabeque,175.85714285714286,68.4
CUB,Pinar del Río,176.88709677419354,77.8360655737705
CUB,Sancti Spíritus,174.78125,72.3125
CUB,Santiago de Cuba,176.768,73.99193548387096
CUB,Villa Clara,177.98,75.54
CUR,Curaçao,181.88571428571427,83.02857142857142
CYP,Ammokhostos,177.0,72.77777777777777
CYP,Larnaka,176.66666666666666,66.5
CYP,Lefkosia,175.08333333333334,67.91666666666667
CYP,Lemesos,174.61111111111111,69.6470588235294
CYP,Paphos,164.0,
CZE,Hlavní město Praha,180.7533512064343,77.65934065934066
CZE,Jihomoravský kraj,179.3523316062176,75.53403141361257
CZE,Jihočeský kraj,180.61764705882354,78.62886597938144
CZE,Karlovarský kraj,177.62222222222223,74.53333333333333
CZE,Královéhradecký kraj,176.8095238095238,73.3012048192771
CZE,Liberecký kraj,176.71812080536913,72.04166666666667
CZE,Moravskoslezský kraj,177.04375,72.64285714285714
CZE,Olomoucký kraj,179.79439252336448,77.67289719626169
CZE,Pardubický kraj,181.02564102564102,78.84
CZE,Plzeňský kraj,179.01162790697674,76.10714285714286
CZE,Středočeský kraj,179.0222222222222,77.4296875
CZE,Vysočina,179.73134328358208,77.47692307692307
CZE,Zlínský kraj,178.06756756756758,74.25675675675676
CZE,Ústecký kraj,179.87591240875912,77.83088235294117
Cologne,Köln,184.5,76.0
Corfu,Kerkyra,162.0,57.0
DEN,Hovedstaden,179.3746630727763,74.88760806916426
DEN,Midtjylland,181.0,75.94166666666666
DEN,Nordjylland,178.9375,75.62790697674419
DEN,Sjælland,177.2608695652174,71.8913043478261
DEN,Syddanmark,179.80208333333334,74.24719101123596
DJI,Ali Sabieh,166.5,56.0
DJI,Djibouti,177.5,62.75
DJI,Tadjourah,,
DMA,Saint Andrew,155.0,52.0
DMA,Saint David,170.0,55.0
DMA,Saint George,175.75,63.0
DMA,Saint John,166.0,59.0
DMA,Saint Patrick,180.0,78.0
DMA,Saint Paul,182.5,71.0
DOM,Azua,183.0,77.0
DOM,Barahona,177.0,94.0
DOM,Dajabón,182.0,72.0
DOM,Distrito Nacional,174.82539682539684,65.82
DOM,Espaillat,175.0,64.0
DOM,Hato Mayor,177.0,60.0
DOM,Hermanas Mirabal,185.0,
DOM,Independencia,185.0,70.0
DOM,La Altagracia,178.0,70.0
DOM,La Romana,177.45454545454547,65.77777777777777
DOM,La Vega,166.77777777777777,61.75
DOM,Monseñor Nouel,187.0,
DOM,Monte Cristi,185.5,83.0
DOM,Monte Plata,176.0,63.25
DOM,Pedernales,170.0,65.0
DOM,Peravia,180.0,
DOM,Puerto Plata,183.66666666666666,67.5
DOM,San Cristóbal,185.2,71.5
DOM,San Juan,171.16666666666666,61.833333333333336
DOM,San Pedro de Macorís,170.55555555555554,60.857142857142854
DOM,Santiago,177.72727272727272,72.25
DOM,Santo Domingo,169.75,58.333333333333336
DOM,Sánchez Ramírez,183.0,67.0
DOM,Valverde,185.0,70.0
ECU,Azuay,169.05263157894737,62.36842105263158
ECU,Bolívar,171.0,87.0
ECU,Carchi,168.42857142857142,62.666666666666664
ECU,Cañar,168.0,63.0
ECU,Chimborazo,170.0,62.0
ECU,Cotopaxi,164.0,56.666666666666664
ECU,El Oro,170.0,60.0
ECU,Esmeraldas,177.13333333333333,73.3076923076923
ECU,Guayas,173.08,71.25
ECU,Imbabura,176.6,71.0
ECU,Loja,155.0,47.0
ECU,Los Ríos,153.0,48.0
ECU,Manabí,173.2,83.4
ECU,Napo,156.0,49.0
ECU,Pastaza,167.0,69.0
ECU,Pichincha,171.2,64.33333333333333
ECU,Santa Elena,177.0,58.0
ECU,Santo Domingo de los Tsáchilas,172.5,60.5
ECU,Sucumbíos,166.0,55.0
ECU,Tungurahua,168.57142857142858,76.14285714285714
ECU,Zamora-Chinchipe,161.5,50.0
EGY,Ad-Daqahliyah,175.5,79.0
EGY,Al-Buhayrah,189.0,82.0
EGY,Al-Fayyum,170.0,71.6
EGY,Al-Gharbiyah,183.3,79.6
EGY,Al-Iskanderiya,175.1549295774648,73.91044776119404
EGY,Al-Ismailiyah,174.66666666666666,73.33333333333333
EGY,Al-Jizah,175.67567567567568,70.05405405405405
EGY,Al-Minufiyya,,
EGY,Al-Minya,181.0,83.5
EGY,Al-Qahira,177.66666666666666,74.24615384615385
EGY,Al-Sharqiyah,180.14285714285714,72.0
EGY,Al-Wadi Al-Jadid,180.0,73.0
EGY,As-Suways,172.75,71.0
EGY,Aswan,,
EGY,Asyut,178.0,78.5
EGY,Beni Suef,177.0,107.0
EGY,Bur Said,186.83333333333334,89.2
EGY,Dumyat,174.0,82.0
EGY,Ganub Sina,,
EGY,Kafr As-Sayh,193.0,104.0
EGY,Qalyubiyah,182.5,85.25
EGY,Qina,175.0,65.0
EGY,Sawhag,188.0,88.0
EGY,Shamal Sina,175.0,72.0
ERI,Debub,171.63636363636363,57.27272727272727
ERI,Debubawi Kayih Bahri,,
ERI,Gash-Barka,176.0,52.0
ERI,Maekel,173.875,60.285714285714285
ESA,Cabañas,179.0,81.0
ESA,Chalatenango,162.0,61.0
ESA,Cuscatlán,162.0,54.0
ESA,La Libertad,168.33333333333334,63.666666666666664
ESA,La Paz,162.0,67.5
ESA,La Unión,164.5,55.5
ESA,Morazán,165.0,57.0
ESA,San Miguel,167.0,66.5
ESA,San Salvador,169.2941176470588,63.22
ESA,Santa Ana,170.71428571428572,68.0
ESA,Sonsonate,172.66666666666666,66.66666666666667
ESA,Usulután,171.0,61.0
ESP,Albacete,173.0,65.6
ESP,Alicante,175.31578947368422,67.94736842105263
ESP,Almería,171.54545454545453,65.72727272727273
ESP,Asturias,177.28333333333333,74.38983050847457
ESP,Badajoz,175.76190476190476,70.42857142857143
ESP,Barcelona,176.16666666666666,71.05046728971962
ESP,Burgos,176.75,69.3125
ESP,Cantabria,178.484375,75.65625
ESP,Castellón,179.1,70.78947368421052
ESP,Ceuta,177.5,75.33333333333333
ESP,Ciudad Real,180.58823529411765,75.88235294117646
ESP,Cuenca,174.57142857142858,63.75
ESP,Cáceres,177.75,71.5
ESP,Cádiz,176.61111111111111,72.55555555555556
ESP,Córdoba,173.72222222222223,67.0
ESP,Gerona,176.86111111111111,70.36111111111111
ESP,Granada,174.5909090909091,66.22727272727273
ESP,Guadalajara,169.4,61.4
ESP,Guipúzcoa,177.3793103448276,74.50442477876106
ESP,Huelva,174.875,64.25
ESP,Huesca,174.8,67.06666666666666
ESP,Islas Baleares,178.02777777777777,71.05555555555556
ESP,Jaén,171.3,62.1
ESP,La Coruña,177.13333333333333,77.0
ESP,La Rioja,178.33333333333334,68.91666666666667
ESP,Las Palmas,176.04109589041096,73.47887323943662
ESP,León,175.0,72.35714285714286
ESP,Lugo,175.375,67.75
ESP,Lérida,173.91304347826087,68.0
ESP,Madrid,175.5,69.73139158576052
ESP,Melilla,175.25,71.25
ESP,Murcia,179.64285714285714,72.28571428571429
ESP,Málaga,175.3939393939394,70.25
ESP,Navarra,179.35897435897436,73.17948717948718
ESP,Orense,174.57142857142858,68.42857142857143
ESP,Palencia,169.7,62.6
ESP,Pontevedra,176.16666666666666,70.5625
ESP,Salamanca,170.78571428571428,62.857142857142854
ESP,Santa Cruz de Tenerife,178.58823529411765,73.29411764705883
ESP,Segovia,174.0,68.28571428571429
ESP,Sevilla,174.67241379310346,68.10714285714286
ESP,Soria,174.66666666666666,66.77777777777777
ESP,Tarragona,175.6060606060606,70.21212121212122
ESP,Teruel,170.0,61.0
ESP,Toledo,178.78571428571428,73.42857142857143
ESP,Valencia,175.79710144927537,70.18840579710145
ESP,Valladolid,176.0,70.21739130434783
ESP,Vizcaya,174.97368421052633,71.02777777777777
ESP,Zamora,175.71428571428572,75.0
ESP,Zaragoza,175.42105263157896,70.02631578947368
ESP,Álava,173.76923076923077,67.34615384615384
ESP,Ávila,185.0,77.66666666666667
EST,Harjumaa,179.7923076923077,75.30833333333334
EST,Hiiumaa,182.66666666666666,98.0
EST,Ida-Virumaa,179.42105263157896,73.63157894736842
EST,Järvamaa,179.33333333333334,77.0
EST,Jõgevamaa,179.4,73.0
EST,Lääne-Virumaa,175.3125,73.0
EST,Läänemaa,178.66666666666666,79.77777777777777
EST,Pärnumaa,183.27586206896552,83.39285714285714
EST,Põlvamaa,179.66666666666666,77.66666666666667
EST,Raplamaa,180.5,78.375
EST,Saaremaa,180.57142857142858,73.14285714285714
EST,Tartumaa,179.78571428571428,74.80597014925372
EST,Valgamaa,181.11764705882354,76.8125
EST,Viljandimaa,182.64285714285714,86.53846153846153
EST,Võrumaa,179.8125,73.53333333333333
ETH,Addis Ababa,171.06666666666666,58.0
ETH,Afar,182.0,67.0
ETH,Amhara,168.1818181818182,54.54545454545455
ETH,Gambela,,
ETH,Oromiya,169.04444444444445,55.888888888888886
ETH,Shoa,170.0,60.0
ETH,Somali,174.0,62.5
ETH,Tigray,170.0,53.142857142857146
Elster,Jessen,182.0,81.0
FAR,Streymoy,174.0,61.0
FAR,Suðuroy,180.0,75.0
FIJ,Ba,181.6,84.0
FIJ,Bua,177.5,84.0
FIJ,Cakaudrove,169.0,66.4
FIJ,Kadavu,173.0,73.0
FIJ,Lau,174.4,71.4
FIJ,Lomaiviti,163.25,65.25
FIJ,Macuata,177.22222222222223,74.22222222222223
FIJ,Nadroga-Navosa,182.0,83.3
FIJ,Naitasiri,174.0,81.0
FIJ,Namosi,,
FIJ,Ra,,
FIJ,Rewa,178.97142857142856,76.52941176470588
FIJ,Rotuma,,
FIJ,Serua,164.0,67.5
FIJ,Tailevu,179.0,77.4
FIN,Etelä-Karjala,176.40625,73.0
FIN,Etelä-Pohjanmaa,176.35443037974684,74.07843137254902
FIN,Etelä-Savo,177.875,76.8076923076923
FIN,Kainuu,173.48717948717947,71.10714285714286
FIN,Kanta-Häme,176.06666666666666,70.25
FIN,Keski-Pohjanmaa,176.95,69.85714285714286
FIN,Keski-Suomi,176.2235294117647,70.47169811320755
FIN,Kymenlaakso,177.58823529411765,70.0909090909091
FIN,Lappi,175.19230769230768,70.41071428571429
FIN,Pirkanmaa,177.0701754385965,73.49549549549549
FIN,Pohjanmaa,177.69387755102042,74.46153846153847
FIN,Pohjois-Karjala,174.32608695652175,67.9
FIN,Pohjois-Pohjanmaa,176.2037037037037,73.65
FIN,Pohjois-Savo,175.4268292682927,68.5
FIN,Päijät-Häme,177.46153846153845,71.35185185185185
FIN,Satakunta,176.87692307692308,73.42857142857143
FIN,Uusimaa,177.78538812785388,72.20714285714286
FIN,Varsinais-Suomi,179.60185185185185,75.54545454545455
FIN,Åland,173.0,62.0
FLI,Falkland Islands,,
FPN,Australes,,
FPN,Îles du Vent,170.5,62.5
FRA,Ain,177.74074074074073,72.28
FRA,Aisne,180.2941176470588,72.625
FRA,Allier,173.2941176470588,66.0625
FRA,Alpes-Maritimes,176.90666666666667,72.3108108108108
FRA,Alpes-de-Haute-Provence,177.0,65.25
FRA,Ardennes,176.0,70.13333333333334
FRA,Ardèche,176.625,69.85714285714286
FRA,Ariège,173.85714285714286,70.42857142857143
FRA,Aube,176.2,71.11111111111111
FRA,Aude,183.16666666666666,82.0
FRA,Aveyron,176.28571428571428,67.57142857142857
FRA,Bas-Rhin,176.82539682539684,73.08064516129032
FRA,Bouches-du-Rhône,176.375,70.45348837209302
FRA,Calvados,179.32,76.1
FRA,Cantal,184.5,71.0
FRA,Charente,171.47368421052633,67.88235294117646
FRA,Charente-Maritime,178.10526315789474,74.44444444444444
FRA,Cher,176.66666666666666,67.3
FRA,Corrèze,176.33333333333334,68.5
FRA,Corse-du-Sud,174.33333333333334,69.0
FRA,Creuse,168.0,68.0
FRA,Deux-Sèvres,176.25,71.27272727272727
FRA,Dordogne,175.6153846153846,75.3
FRA,Doubs,174.82,66.75
FRA,Drôme,177.0,74.0
FRA,Essonne,176.8,71.08333333333333
FRA,Eure,174.95652173913044,69.9047619047619
FRA,Eure-et-Loir,178.7058823529412,74.78571428571429
FRA,Finistère,175.26315789473685,68.39393939393939
FRA,Gard,170.76923076923077,64.31818181818181
FRA,Gers,176.5,72.2
FRA,Gironde,176.30927835051546,73.6987951807229
FRA,Guadeloupe,178.48936170212767,72.52173913043478
FRA,Guyane,188.0,83.66666666666667
FRA,Haut-Rhin,176.78571428571428,72.32075471698113
FRA,Haute-Corse,178.0,70.0
FRA,Haute-Garonne,177.025,70.86842105263158
FRA,Haute-Loire,171.66666666666666,63.0
FRA,Haute-Marne,176.0,82.25
FRA,Haute-Savoie,174.56291390728478,70.34027777777777
FRA,Haute-Saône,176.5,71.55555555555556
FRA,Haute-Vienne,169.83333333333334,64.22222222222223
FRA,Hautes-Alpes,172.58333333333334,70.25
FRA,Hautes-Pyrénées,174.66666666666666,67.80952380952381
FRA,Hauts-de-Seine,177.43307086614172,72.51351351351352
FRA,Hérault,176.625,73.84444444444445
FRA,Ille-et-Vilaine,175.3030303030303,69.16129032258064
FRA,Indre,179.0,73.6
FRA,Indre-et-Loire,174.68421052631578,68.57894736842105
FRA,Isère,173.69148936170214,69.72527472527473
FRA,Jura,173.25925925925927,66.53846153846153
FRA,La Réunion,174.04761904761904,67.80952380952381
FRA,Landes,176.78571428571428,74.53846153846153
FRA,Loir-et-Cher,168.125,62.5
FRA,Loire,173.63888888888889,68.5
FRA,Loire-Atlantique,173.9090909090909,67.98360655737704
FRA,Loiret,177.9090909090909,72.33333333333333
FRA,Lot,174.83333333333334,73.4
FRA,Lot-et-Garonne,175.92307692307693,74.08333333333333
FRA,Lozère,176.0,60.333333333333336
FRA,Maine-et-Loire,178.06896551724137,71.4074074074074
FRA,Manche,175.92857142857142,71.64285714285714
FRA,Marne,175.7058823529412,70.74193548387096
FRA,Martinique,182.8139534883721,75.47619047619048
FRA,Mayenne,179.07142857142858,78.23076923076923
FRA,Meurthe-et-Moselle,179.5151515151515,74.80645161290323
FRA,Meuse,185.93333333333334,82.41666666666667
FRA,Morbihan,173.4,65.26315789473684
FRA,Moselle,180.25,77.89473684210526
FRA,Nièvre,174.76923076923077,71.0
FRA,Nord,176.99236641221373,72.85344827586206
FRA,Oise,176.19230769230768,71.04
FRA,Orne,171.3,63.9
FRA,Paris,175.40591397849462,71.09215017064847
FRA,Pas-de-Calais,175.32926829268294,69.58441558441558
FRA,Puy-de-Dôme,174.32258064516128,67.42307692307692
FRA,Pyrénées-Atlantiques,176.30769230769232,75.19354838709677
FRA,Pyrénées-Orientales,175.875,71.6875
FRA,Rhône,177.36206896551724,72.24528301886792
FRA,Sarthe,180.35714285714286,72.75
FRA,Savoie,174.64150943396226,71.3921568627451
FRA,Saône-et-Loire,173.04347826086956,68.15
FRA,Seine-Maritime,177.3116883116883,71.20289855072464
FRA,Seine-Saint-Denis,175.9090909090909,69.97297297297297
FRA,Seine-et-Marne,176.28125,67.96875
FRA,Somme,178.78787878787878,78.2
FRA,Tarn,176.8181818181818,71.18181818181819
FRA,Tarn-et-Garonne,171.125,63.125
FRA,Territoire de Belfort,175.9,70.0
FRA,Val-de-Marne,177.6021505376344,72.18181818181819
FRA,Var,178.19354838709677,71.5
FRA,Vaucluse,176.28571428571428,70.71428571428571
FRA,Vendée,177.75,74.0
FRA,Vienne,176.69230769230768,67.84615384615384
FRA,Vosges,175.3953488372093,69.19047619047619
FRA,Yonne,174.77777777777777,68.375
FRA,Yvelines,176.8,70.42105263157895
FSM,Chuuk,171.66666666666666,66.33333333333333
FSM,Pohnpei,153.0,57.0
GAB,Estuaire,173.35714285714286,73.71428571428571
GAB,Haut-Ogooué,171.75,67.75
GAB,Moyen-Ogooué,167.0,60.0
GAB,Ngounié,173.5,69.0
GAB,Ogooué-Ivindo,172.0,80.0
GAB,Ogooué-Maritime,172.25,64.75
GAB,Woleu-Ntem,172.0,78.0
GAM,Banjul,177.5,69.33333333333333
GAM,North Bank,,
GAM,Western,170.75,68.25
GBR,England,176.80716437897556,71.51639055340148
GBR,Northern Ireland,176.31578947368422,70.37383177570094
GBR,On Cyprus,180.5,80.5
GBR,Scotland,176.15083798882682,71.46290801186943
GBR,Wales,174.54421768707482,71.72340425531915
GBS,Bissau,175.75,70.125
GBS,Bolama,167.0,74.0
GBS,Gabú,170.5,58.0
GEO,Adjara,182.16666666666666,103.5
GEO,Apkhazeti,176.0,74.81818181818181
GEO,Guria,167.33333333333334,69.33333333333333
GEO,Imereti,179.5142857142857,86.78787878787878
GEO,Kakheti,180.28571428571428,87.64285714285714
GEO,Kvemo Kartli,175.0625,76.125
GEO,Mtskheta-Mtianeti,183.2,89.0
GEO,Racha-Lechkhumi da Kvemo Svaneti,170.0,71.0
GEO,Samegrelo-Zemo Svaneti,174.30769230769232,81.61538461538461
GEO,Samtskhe-Javakheti,175.44444444444446,72.77777777777777
GEO,Shida Kartli,177.64,84.91666666666667
GEO,Tbilisi,177.36893203883494,75.4059405940594
GEQ,Bioko Norte,172.5,70.0
GEQ,Centro Sur,170.0,63.0
GEQ,Litoral,176.0,77.0
GEQ,Wele-Nzas,176.0,68.0
GER,Baden-Württemberg,178.04182509505702,72.322265625
GER,Bayern,177.51529411764704,74.07305389221557
GER,Berlin,177.96498054474708,72.85943775100401
GER,Brandenburg,179.68666666666667,76.10544217687075
GER,Bremen,180.74358974358975,74.78947368421052
GER,Hamburg,180.1793103448276,74.73684210526316
GER,Hessen,179.20437956204378,73.14925373134328
GER,Mecklenburg-Vorpommern,179.525,75.77697841726619
GER,Niedersachsen,180.97491039426524,75.07299270072993
GER,Nordrhein-Westfalen,180.50849377123444,75.39125431530495
GER,Rheinland-Pfalz,178.79444444444445,74.44827586206897
GER,Saarland,176.08333333333334,69.8529411764706
GER,Sachsen,177.1104199066874,72.04920634920634
GER,Sachsen-Anhalt,178.42546583850933,74.78343949044586
GER,Schleswig-Holstein,181.2258064516129,75.29752066115702
GER,Thüringen,177.67307692307693,73.78827361563518
GHA,Ashanti,184.66666666666666,85.0
GHA,Brong-Ahafo,178.0,71.66666666666667
GHA,Central,179.5,67.0
GHA,Eastern,169.0,64.0
GHA,Greater Accra,174.76923076923077,68.0
GHA,Northern,,
GHA,Upper East,182.0,70.0
GHA,Volta,169.5,62.5
GHA,Western,172.125,70.73913043478261
GIB,Gibraltar,191.0,89.0
GRE,Anatoliki Makedonia kai Thraki,177.08333333333334,74.33333333333333
GRE,Attiki,177.78378378378378,72.8966565349544
GRE,Dutiki Ellada,175.19230769230768,69.72
GRE,Dutiki Makedonia,182.52631578947367,78.89473684210526
GRE,Epeiros,175.38888888888889,70.0
GRE,Ionia Nesia,178.0,69.0
GRE,Kentriki Makedonia,177.82051282051282,73.87179487179488
GRE,Kriti,179.46666666666667,75.36666666666666
GRE,Notio Aigaio,176.53333333333333,73.64285714285714
GRE,Peloponnesos,177.5,71.83333333333333
GRE,Sterea Ellada,170.36363636363637,65.18181818181819
GRE,Thessalia,177.85906040268458,73.18243243243244
GRE,Voreio Aigaio,179.63636363636363,76.72727272727273
GRL,Avannaata,,
GRL,Kujalleq,168.0,63.0
GRL,Qeqertalik,172.0,65.0
GRL,Sermersooq,179.0,70.0
GRN,Saint George,162.0,54.0
GRN,Saint John,176.33333333333334,60.666666666666664
GUA,Alta Verapaz,168.33333333333334,63.166666666666664
GUA,Baja Verapaz,177.0,59.0
GUA,Chiquimula,167.0,76.0
GUA,El Quiché,158.66666666666666,50.0
GUA,Escuintla,169.0,65.33333333333333
GUA,Guatemala,172.1492537313433,65.18181818181819
GUA,Izabal,179.0,76.0
GUA,Jalapa,163.5,55.5
GUA,Petén,174.0,69.0
GUA,Quetzaltenango,172.6,67.5
GUA,Retalhuleu,,
GUA,San Marcos,167.33333333333334,57.666666666666664
GUA,Santa Rosa,160.0,71.0
GUA,Suchitepéquez,173.5,67.5
GUA,Zacapa,178.5,75.0
GUE,Guernsey,173.66666666666666,69.33333333333333
GUI,Conakry,170.71428571428572,71.07142857142857
GUI,Faranah,173.0,61.5
GUI,Kindia,171.75,68.125
GUI,Labé,,
GUM,Guam,173.78571428571428,67.15384615384616
GUY,Demerara,178.0,68.0
GUY,Demerara-Mahaica,173.58620689655172,67.92857142857143
GUY,East Berbice-Corentyne,,
GUY,Essequibo Islands-West Demerara,177.0,75.0
GUY,Upper Demerara-Berbice,166.0,62.5
HAI,Artibonite,183.0,82.0
HAI,Nord,170.0,66.5
HAI,Nord-Est,,
HAI,Nord-Ouest,,
HAI,Ouest,173.16666666666666,78.16666666666667
HAI,Sud,178.0,75.0
HKG,Hong Kong,171.51401869158877,64.21904761904761
HON,Atlántida,176.42105263157896,74.89473684210526
HON,Colón,176.0,79.25
HON,Comayagua,176.0,74.33333333333333
HON,Cortés,175.41176470588235,74.57142857142857
HON,Francisco Morazán,172.33333333333334,66.8
HON,Gracias a Dios,182.0,85.0
HON,Islas de la Bahía,174.0,73.0
HON,Ocotepeque,,
HON,Olancho,176.5,71.0
HON,Yoro,174.6,75.33333333333333
HUN,Baranya,178.3125,75.66666666666667
HUN,Borsod-Abaúj-Zemplén,177.14814814814815,73.85185185185185
HUN,Budapest,177.66666666666666,72.84464110127827
HUN,Bács-Kiskun,176.0655737704918,71.5
HUN,Békes,177.06666666666666,76.39655172413794
HUN,Csongrád,181.0,80.83098591549296
HUN,Fejér,176.33846153846153,71.51612903225806
HUN,Győr-Moson-Sopron,177.33333333333334,74.63934426229508
HUN,Hajdú-Bihar,174.97402597402598,70.82666666666667
HUN,Heves,177.57777777777778,73.18604651162791
HUN,Jász-Nagykun-Szolnok,178.01754385964912,75.21052631578948
HUN,Komárom-Esztergom,177.44642857142858,77.9074074074074
HUN,Nógrád,176.0,71.3
HUN,Pest,177.2906976744186,75.70238095238095
HUN,Somogy,179.6551724137931,78.34482758620689
HUN,Szabolcs-Szatmár-Bereg,174.41860465116278,68.67441860465117
HUN,Tolna,177.0,71.55
HUN,Vas,177.97826086956522,80.26666666666667
HUN,Veszprém,178.625,75.625
HUN,Zala,178.66666666666666,77.28571428571429
Havel,Werder,179.0,78.0
INA,Aceh,185.0,63.5
INA,Bali,168.0,61.833333333333336
INA,Bangka-Belitung,,
INA,Banten,,
INA,Bengkulu,,
INA,Daerah Istimewa Yogyakarta,169.2,65.0
INA,Daerah Khusus Ibukota Jakarta,170.28571428571428,65.78947368421052
INA,Jambi,171.0,70.0
INA,Jawa Barat,169.23333333333332,64.62962962962963
INA,Jawa Tengah,169.92105263157896,64.43243243243244
INA,Jawa Timur,168.64285714285714,63.0
INA,Kalimantan Barat,167.0,70.0
INA,Kalimantan Selatan,158.0,55.0
INA,Kalimantan Timur,177.5,65.8
INA,Kepulauan Riau,165.0,54.0
INA,Lampung,154.4,59.4
INA,Maluku,173.0,67.75
INA,Maluku Utara,174.33333333333334,66.66666666666667
INA,Nusa Tenggara Barat,171.0,76.0
INA,Nusa Tenggara Timur,173.5,67.25
INA,Papua,159.33333333333334,57.0
INA,Papua Barat,164.0,55.5
INA,Riau,162.0,54.0
INA,Sulawesi Barat,154.0,51.0
INA,Sulawesi Selatan,162.5,57.0
INA,Sulawesi Tengah,,
INA,Sulawesi Tenggara,163.5,56.5
INA,Sulawesi Utara,170.66666666666666,65.66666666666667
INA,Sumatera Barat,184.5,79.0
INA,Sumatera Selatan,170.25,65.75
INA,Sumatera Utara,167.45454545454547,64.27272727272727
IND,Andhra Pradesh,174.78947368421052,66.83333333333333
IND,Assam,175.66666666666666,71.33333333333333
IND,Bihar,178.0,63.5
IND,Chandigarh,182.0,75.0
IND,Chhattisgarh,160.5,53.0
IND,Goa,169.0,55.5
IND,Gujarat,168.66666666666666,63.666666666666664
IND,Haryana,171.5483870967742,70.5
IND,Himachal Pradesh,176.0,59.0
IND,Jammu and Kashmir,172.5,69.5
IND,Jharkhand,165.5,64.75
IND,Karnataka,172.26315789473685,68.0
IND,Kerala,172.6,63.05263157894737
IND,Madhya Pradesh,172.53333333333333,66.92857142857143
IND,Maharashtra,173.7027027027027,71.36363636363636
IND,Manipur,157.0,56.875
IND,Mizoram,157.0,48.0
IND,Nagaland,174.5,73.0
IND,National Capital Territory of Delhi,170.05,68.70588235294117
IND,Orissa,160.0,50.0
IND,Puducherry,,
IND,Punjab,175.05405405405406,72.52702702702703
IND,Rajasthan,169.54545454545453,72.0
IND,Sikkim,174.0,60.0
IND,Tamil Nadu,175.79166666666666,70.38095238095238
IND,Tripura,160.66666666666666,54.666666666666664
IND,Uttar Pradesh,170.25806451612902,65.88888888888889
IND,Uttarakhand,173.0,61.5
IND,West Bengal,174.22222222222223,70.08
IOM,Isle of Man,177.0,70.6
IRI,Alborz,182.33333333333334,76.83333333333333
IRI,Ardabil,177.4,77.25
IRI,Azarbaijan Gharbi,180.69230769230768,76.9090909090909
IRI,Azarbaijan Sharqi,179.25,73.75
IRI,Bushehr,,
IRI,Chaharmahal-o-Bakhtiyari,190.875,88.0
IRI,Fars,173.0,66.0
IRI,Gilan,171.22222222222223,76.0
IRI,Golestan,186.0,81.6
IRI,Hamadan,171.0,71.375
IRI,Ilam,176.5,81.5
IRI,Isfahan,180.42105263157896,77.3529411764706
IRI,Kerman,173.25,68.5
IRI,Kermanshah,175.8,73.66666666666667
IRI,Khorasan Jonubi,159.0,64.0
IRI,Khorasan Razavi,179.64285714285714,76.92307692307692
IRI,Khorasan Shomali,205.0,
IRI,Khuzestan,181.85,80.25
IRI,Kurdistan,184.2,87.8
IRI,Lorestan,172.88888888888889,63.875
IRI,Markazi,183.33333333333334,80.0
IRI,Mazandaran,177.83870967741936,78.7
IRI,Qazvin,169.4,68.6
IRI,Qom,,
IRI,Tehran,176.14893617021278,74.52173913043478
IRI,Yazd,185.0,105.0
IRI,Zanjan,170.66666666666666,67.33333333333333
IRL,Carlow,189.25,86.25
IRL,Cavan,166.0,54.0
IRL,Clare,183.0,102.0
IRL,Cork,178.7111111111111,74.0909090909091
IRL,Donegal,177.11111111111111,69.11111111111111
IRL,Dublin,176.39583333333334,71.96402877697842
IRL,Galway,181.625,74.06666666666666
IRL,Kerry,181.125,69.83333333333333
IRL,Kildare,174.88888888888889,66.875
IRL,Kilkenny,176.41666666666666,66.33333333333333
IRL,Laois,189.5,82.0
IRL,Leitrim,167.5,54.0
IRL,Limerick,180.46666666666667,74.42857142857143
IRL,Longford,179.75,77.0
IRL,Louth,180.75,77.0
IRL,Mayo,180.0,73.0
IRL,Meath,176.66666666666666,70.66666666666667
IRL,Monaghan,182.5,78.5
IRL,Offaly,185.0,69.0
IRL,Roscommon,,
IRL,Sligo,177.0,75.0
IRL,Tipperary,175.25,76.33333333333333
IRL,Waterford,181.66666666666666,72.66666666666667
IRL,Westmeath,178.42857142857142,67.16666666666667
IRL,Wexford,176.0,70.25
IRL,Wicklow,174.85714285714286,66.85714285714286
IRQ,Al-Anbar,185.0,75.0
IRQ,Al-Basrah,176.42857142857142,72.85714285714286
IRQ,Al-Qadisiyyah,174.0,75.0
IRQ,An-Najaf,170.0,75.0
IRQ,Arbil,,
IRQ,Babil,182.0,75.0
IRQ,Baghdad,175.19642857142858,72.52727272727273
IRQ,Dhi Qar,178.0,70.0
IRQ,Karbala,175.0,75.0
IRQ,Kirkuk,181.33333333333334,75.66666666666667
IRQ,Maysan,177.0,68.5
IRQ,Ninawa,165.0,63.0
IRQ,Salah ad-Din,172.0,76.0
IRQ,Wasit,172.5,91.0
ISL,Höfuðborgarsvæði,184.203125,82.24590163934427
ISL,Norðurland eystra,177.61111111111111,75.05882352941177
ISL,Norðurland vestra,192.0,90.0
ISL,Suðurland,186.75,96.5
ISL,Suðurnes,180.0,68.0
ISL,Vestfirðir,179.0,74.875
ISL,Vesturland,182.0,71.66666666666667
ISR,HaDarom,174.16666666666666,70.83333333333333
ISR,HaMerkaz,173.33333333333334,64.875
ISR,HaTzafons,173.0,66.125
ISR,Heifa,173.8421052631579,66.73684210526316
ISR,Tel Aviv,174.8108108108108,68.02941176470588
ISR,Yerushalayim,171.27272727272728,70.4
ITA,Agrigento,177.5,68.0
ITA,Alessandria,178.95,73.77777777777777
ITA,Ancona,179.0,72.0
ITA,Aosta,173.8125,68.41935483870968
ITA,Arezzo,176.1,71.0
ITA,Ascoli Piceno,174.71428571428572,74.61538461538461
ITA,Asti,182.71428571428572,72.14285714285714
ITA,Avellino,171.33333333333334,64.33333333333333
ITA,Bari,175.46666666666667,73.63333333333334
ITA,Barletta-Andria-Trani,169.0,58.0
ITA,Belluno,174.03703703703704,70.55555555555556
ITA,Benevento,173.5,67.16666666666667
ITA,Bergamo,173.86111111111111,68.56338028169014
ITA,Biella,170.5,63.75
ITA,Bologna,176.4655172413793,71.84313725490196
ITA,Bolzano-Bozen,174.81851851851852,71.47892720306514
ITA,Brescia,175.6851851851852,69.73584905660377
ITA,Brindisi,173.42857142857142,66.36363636363636
ITA,Cagliari,167.82608695652175,60.59090909090909
ITA,Caltanissetta,168.14285714285714,58.57142857142857
ITA,Campobasso,176.66666666666666,77.33333333333333
ITA,Caserta,172.8,72.07142857142857
ITA,Catania,174.02631578947367,69.76315789473684
ITA,Catanzaro,177.0,75.0
ITA,Chieti,176.6153846153846,70.75
ITA,Como,174.46938775510205,66.73913043478261
ITA,Cosenza,180.8,71.6
ITA,Cremona,179.03846153846155,75.65217391304348
ITA,Crotone,171.33333333333334,61.666666666666664
ITA,Cuneo,175.65,65.73684210526316
ITA,Enna,159.0,51.0
ITA,Fermo,176.2,76.5
ITA,Ferrara,179.1818181818182,70.33333333333333
ITA,Firenze,179.6769230769231,76.11864406779661
ITA,Foggia,171.94444444444446,64.70588235294117
ITA,Forlì-Cesena,169.7058823529412,62.0
ITA,Frosinone,173.25,70.625
ITA,Genova,177.04301075268816,72.49411764705883
ITA,Gorizia,183.40625,81.4
ITA,Grosseto,178.3,84.11111111111111
ITA,Imperia,182.5,78.0
ITA,La Spezia,178.6153846153846,71.15384615384616
ITA,Latina,182.69444444444446,78.02777777777777
ITA,Lecce,177.36363636363637,71.81818181818181
ITA,Lecco,178.63636363636363,74.4375
ITA,Livorno,178.55357142857142,77.30434782608695
ITA,Lodi,174.5,67.8
ITA,Lucca,177.38095238095238,73.42857142857143
ITA,Macerata,180.53846153846155,74.25
ITA,Mantova,178.8,75.85
ITA,Massa-Carrara,179.3846153846154,73.3076923076923
ITA,Matera,175.0,70.0
ITA,Messina,173.8421052631579,69.66666666666667
ITA,Milano,175.4218009478673,69.40104166666667
ITA,Modena,179.42857142857142,76.90322580645162
ITA,Monza e Brianza,173.96875,71.6
ITA,Napoli,180.2027972027972,77.56428571428572
ITA,Novara,173.4375,70.125
ITA,Nuoro,166.33333333333334,71.5
ITA,Oristano,174.0,63.75
ITA,Padova,178.9,74.41176470588235
ITA,Palermo,174.875,70.48387096774194
ITA,Parma,181.5,80.65217391304348
ITA,Pavia,177.3846153846154,76.58333333333333
ITA,Perugia,181.5,80.04761904761905
ITA,Pesaro e Urbino,177.27777777777777,70.77777777777777
ITA,Pescara,185.28571428571428,73.0
ITA,Piacenza,174.5,71.85714285714286
ITA,Pisa,180.875,72.6
ITA,Pistoia,181.6,80.25
ITA,Pordenone,178.26666666666668,76.6
ITA,Potenza,178.0,65.0
ITA,Prato,173.71428571428572,71.71428571428571
ITA,Ragusa,183.0,73.5
ITA,Ravenna,178.3783783783784,74.71875
ITA,Reggio Calabria,169.83333333333334,67.5
ITA,Reggio Emilia,175.0,68.5
ITA,Rieti,178.28571428571428,72.71428571428571
ITA,Rimini,176.23333333333332,74.5
ITA,Roma,175.84818481848185,69.81099656357388
ITA,Rovigo,175.5,67.33333333333333
ITA,Salerno,176.14285714285714,75.92857142857143
ITA,Sassari,172.75,70.18181818181819
ITA,Savona,176.41666666666666,72.08695652173913
ITA,Siena,177.75,66.0
ITA,Siracusa,176.75,77.54545454545455
ITA,Sondrio,171.45283018867926,66.21153846153847
ITA,Sud Sardegna,179.28571428571428,72.42857142857143
ITA,Taranto,175.33333333333334,63.0
ITA,Teramo,175.4,75.2
ITA,Terni,177.91666666666666,77.41666666666667
ITA,Torino,174.15384615384616,68.41441441441441
ITA,Trapani,172.4,67.0
ITA,Trento,175.25333333333333,68.75714285714285
ITA,Treviso,180.15,74.16666666666667
ITA,Trieste,177.9857142857143,71.94202898550725
ITA,Udine,177.52542372881356,73.3859649122807
ITA,Varese,177.03571428571428,69.96153846153847
ITA,Venezia,178.63934426229508,74.96610169491525
ITA,Verbano-Cusio-Ossola,176.73684210526315,74.36842105263158
ITA,Vercelli,173.0,69.8
ITA,Verona,176.57894736842104,73.2
ITA,Vibo Valentia,168.6,67.0
ITA,Vicenza,177.57971014492753,72.85483870967742
ITA,Viterbo,176.75,74.25
IVB,British Virgin Islands,182.0,69.5
JAM,Clarendon,178.78571428571428,75.42857142857143
JAM,Hanover,177.0,68.33333333333333
JAM,Kingston,179.5,72.65306122448979
JAM,Manchester,180.23076923076923,76.92307692307692
JAM,Portland,164.0,54.5
JAM,Saint Andrew,179.8,76.2
JAM,Saint Ann,176.33333333333334,67.2
JAM,Saint Catherine,177.89473684210526,72.47368421052632
JAM,Saint Elizabeth,177.0,74.66666666666667
JAM,Saint James,178.0,73.0
JAM,Saint Mary,165.0,60.666666666666664
JAM,Saint Thomas,169.5,67.5
JAM,Trelawny,175.07692307692307,71.6923076923077
JAM,Westmoreland,175.75,70.0
JER,Jersey,163.0,54.0
JOR,Amman,174.86666666666667,67.28571428571429
JOR,Balqa,174.0,81.0
JOR,Irbid,164.5,62.0
JOR,Mafraq,167.0,59.0
JPN,Aichi,169.17543859649123,62.654545454545456
JPN,Akita,169.13888888888889,62.611111111111114
JPN,Aomori,170.47222222222223,70.61111111111111
JPN,Chiba,172.2,67.74
JPN,Ehime,172.52173913043478,67.08695652173913
JPN,Fukui,174.92307692307693,70.08333333333333
JPN,Fukuoka,170.35849056603774,66.3921568627451
JPN,Fukushima,170.57142857142858,66.85714285714286
JPN,Gifu,164.69767441860466,60.55813953488372
JPN,Gunma,172.41463414634146,66.0
JPN,Hiroshima,173.2888888888889,67.86666666666666
JPN,Hokkaido,168.03806228373702,64.55749128919861
JPN,Hyogo,168.64285714285714,62.544117647058826
JPN,Ibaraki,172.7941176470588,68.9375
JPN,Ishikawa,170.34782608695653,66.69565217391305
JPN,Iwate,166.875,62.56521739130435
JPN,Kagawa,182.77777777777777,73.44444444444444
JPN,Kagoshima,171.82608695652175,66.6086956521739
JPN,Kanagawa,171.03225806451613,65.81318681318682
JPN,Kochi,174.66666666666666,68.33333333333333
JPN,Kumamoto,172.37037037037038,71.51851851851852
JPN,Kyoto,171.56410256410257,63.17948717948718
JPN,Mie,170.1904761904762,64.04761904761905
JPN,Miyagi,168.80645161290323,65.89655172413794
JPN,Miyazaki,175.66666666666666,75.33333333333333
JPN,Nagano,167.24590163934425,61.64754098360656
JPN,Nagasaki,175.1904761904762,69.45
JPN,Nara,168.3684210526316,63.473684210526315
JPN,Niigata,167.54,63.12244897959184
JPN,Oita,174.5,68.65
JPN,Okayama,172.73333333333332,64.13333333333334
JPN,Okinawa,169.53846153846155,63.46153846153846
JPN,Osaka,169.19642857142858,62.91818181818182
JPN,Saga,171.64285714285714,64.0
JPN,Saitama,170.1875,63.5625
JPN,Shiga,172.1,65.35
JPN,Shimane,167.9090909090909,64.9090909090909
JPN,Shizuoka,172.58823529411765,67.84313725490196
JPN,Tochigi,168.38709677419354,63.96774193548387
JPN,Tokushima,167.16666666666666,62.611111111111114
JPN,Tokyo,169.56410256410257,63.20664206642066
JPN,Tottori,168.7,63.6
JPN,Toyama,171.8125,67.06666666666666
JPN,Wakayama,169.58333333333334,66.41666666666667
JPN,Yamagata,167.38095238095238,62.857142857142854
JPN,Yamaguchi,170.64705882352942,72.25
JPN,Yamanashi,170.13333333333333,67.53333333333333
KAZ,Aktobe,169.5,73.33333333333333
KAZ,Almaty,173.68965517241378,68.21176470588236
KAZ,Almaty Oblysy,173.69565217391303,70.42857142857143
KAZ,Aqmola,176.11111111111111,71.36111111111111
KAZ,Astana,174.8695652173913,67.36363636363636
KAZ,Atyrau,178.83333333333334,73.66666666666667
KAZ,Batys Qazaqstan,174.125,70.125
KAZ,Kostanay,176.15,71.8
KAZ,Kyzylorda,175.78947368421052,68.26315789473684
KAZ,Mangystau,166.33333333333334,64.5
KAZ,Ongutsik Qazaqstan,174.46153846153845,69.33333333333333
KAZ,Pavlodar,177.51612903225808,72.0
KAZ,Quaraghandy,178.85714285714286,73.88157894736842
KAZ,Shyrgys Qazaqstan,176.69387755102042,74.25773195876289
KAZ,Soltustyk Qazaqstan,177.52941176470588,70.5
KAZ,Zhambyl,175.0909090909091,70.52380952380952
KEN,Baringo,170.16666666666666,56.833333333333336
KEN,Bomet,170.83333333333334,56.5
KEN,Bungoma,165.44444444444446,58.111111111111114
KEN,Busia,178.0,67.0
KEN,Elgeyo-Marakwet,165.96296296296296,54.148148148148145
KEN,Embu,162.0,43.0
KEN,Kajiado,171.5,55.0
KEN,Kakamega,172.55555555555554,74.28571428571429
KEN,Kericho,164.5,54.75
KEN,Kiambu,175.33333333333334,82.33333333333333
KEN,Kilifi,,
KEN,Kisii,165.8181818181818,56.36363636363637
KEN,Kisumu,172.75,75.375
KEN,Kitui,173.0,64.0
KEN,Laikipia,168.0,53.666666666666664
KEN,Machakos,169.5,60.833333333333336
KEN,Mombasa,179.5,66.0
KEN,Nairobi,173.35849056603774,68.65384615384616
KEN,Nakuru,174.4,66.2
KEN,Nandi,171.28205128205127,59.078947368421055
KEN,Narok,181.625,69.25
KEN,Nyamira,169.6,60.2
KEN,Nyeri,169.11111111111111,57.625
KEN,Taita-Taveta,193.0,100.0
KEN,Trans-Nzoia,176.66666666666666,58.333333333333336
KEN,Uasin Gishu,174.40740740740742,61.370370370370374
KEN,Vihiga,192.5,90.0
KEN,West Pokot,175.0,61.0
KGZ,Bishkek,177.9795918367347,73.3061224489796
KGZ,Chuy,177.06666666666666,75.0
KGZ,Issyk-Kul,172.2,67.0
KGZ,Jalal-Abad,170.57142857142858,63.333333333333336
KGZ,Naryn,150.0,56.0
KGZ,Osh,175.83333333333334,74.16666666666667
KGZ,Talas,166.875,60.75
KIR,Kiribati,168.14285714285714,77.14285714285714
KOR,Busan,176.44230769230768,72.06
KOR,Chungcheongbuk,177.69230769230768,69.92307692307692
KOR,Chungcheongnam,175.8235294117647,77.42857142857143
KOR,Daegu,172.77777777777777,69.77777777777777
KOR,Daejeon,173.35714285714286,70.64285714285714
KOR,Gangwon,171.41304347826087,66.24444444444444
KOR,Gwangju,174.72222222222223,68.11764705882354
KOR,Gyeonggi,173.5068493150685,68.47222222222223
KOR,Gyeongsang,168.0,90.0
KOR,Gyeongsangbuk,172.70833333333334,67.68181818181819
KOR,Gyeongsangnam,174.0222222222222,69.24444444444444
KOR,Incheon,178.0,72.96296296296296
KOR,Jeju,172.11111111111111,69.22222222222223
KOR,Jeollabuk,174.0,70.19444444444444
KOR,Jeollanam,175.75757575757575,71.42424242424242
KOR,Seoul,172.62694300518135,66.51612903225806
KOR,Ulsan,169.4,65.8
KOS,Ferizaj,175.0,70.0
KOS,Gjakova,182.66666666666666,82.33333333333333
KOS,Gjilan,180.0,69.0
KOS,Mitrovicë,186.5,77.5
KOS,Pejë,169.5,61.75
KOS,Prishtinë,191.2,87.6
KOS,Prizren,210.0,130.0
KSA,Al-Madinah,181.5,73.0
KSA,Ar-Riyad,173.29166666666666,64.22222222222223
KSA,Ash-Sharqiyah,173.9375,73.0
KSA,Asir,183.66666666666666,72.0
KSA,Jizan,191.0,72.0
KSA,Makkah,175.38888888888889,67.45454545454545
KSA,Najran,182.0,76.0
KSA,Tabuk,172.0,72.0
KUW,Al-Ahmadi,175.0,73.0
KUW,Al-Asimah,176.79166666666666,75.8695652173913
LAO,Vientiane,169.1,61.2
LAT,Aizkraukles novads,178.0,71.0
LAT,Aizputes novads,186.0,
LAT,Alūksnes novads,172.66666666666666,61.333333333333336
LAT,Amatas novads,,
LAT,Auces novads,182.0,82.0
LAT,Balvu novads,177.66666666666666,88.0
LAT,Bauskas novads,180.0,76.4
LAT,Brocēnu novads,,
LAT,Burtnieku novads,176.0,80.0
LAT,Cēsu novads,178.6315789473684,75.05263157894737
LAT,Daugavpils,179.0,70.6
LAT,Daugavpils novads,194.0,108.5
LAT,Dobeles novads,179.2,89.5
LAT,Iecavas novads,187.0,87.0
LAT,Ilūkstes novads,182.0,85.0
LAT,Jaunjelgavas novads,,
LAT,Jelgava,180.72727272727272,76.9090909090909
LAT,Jelgavas novads,,
LAT,Jēkabpils,182.5,75.0
LAT,Jūrmala,180.83333333333334,82.83333333333333
LAT,Krustpils novads,181.5,81.5
LAT,Krāslavas novads,177.14285714285714,69.71428571428571
LAT,Kuldīgas novads,186.66666666666666,87.0
LAT,Lielvārdes novads,,
LAT,Liepāja,185.14285714285714,83.42857142857143
LAT,Limbažu novads,184.8,90.4
LAT,Ludzas novads,173.0,94.0
LAT,Līvānu novads,185.0,93.0
LAT,Madonas novads,186.66666666666666,87.11111111111111
LAT,Mālpils novads,182.0,97.0
LAT,Ogres novads,187.75,90.0
LAT,Olaines novads,,
LAT,Preiļu novads,182.0,93.0
LAT,Priekules novads,183.5,75.5
LAT,Pļaviņu novads,179.16666666666666,69.4
LAT,Rēzekne,175.2,66.8
LAT,Rīga,180.43814432989691,78.68279569892474
LAT,Rūjienas novads,192.0,90.0
LAT,Saldus novads,178.0,70.75
LAT,Saulkrastu novads,179.25,79.0
LAT,Siguldas novads,180.0952380952381,82.52631578947368
LAT,Skrundas novads,200.0,100.0
LAT,Smiltenes novads,181.5,77.75
LAT,Talsu novads,177.66666666666666,77.91666666666667
LAT,Tukuma novads,177.0,71.5
LAT,Valkas novads,181.6,77.0
LAT,Valmiera,181.52631578947367,80.25
LAT,Vecpiebalgas novads,,
LAT,Vecumnieku novads,178.0,86.0
LAT,Ventspils,182.52941176470588,79.88235294117646
LAT,Ventspils novads,168.0,62.0
LAT,Viesītes novads,178.0,77.5
LAT,Ērgļu novads,185.0,94.0
LAT,Ķekavas novads,166.0,60.0
LBA,Az-Zawiyah,174.0,62.0
LBA,Benghazi,166.0,75.0
LBA,Tarabulus,174.28571428571428,69.28571428571429
LBN,Al-Janub,175.0,72.0
LBN,Ash-Shamal,173.125,68.125
LBN,Beirut,174.28947368421052,72.6842105263158
LBN,Beqaa,171.0,70.33333333333333
LBN,Jabal Libnan,177.0,75.8
LBN,Nabatiye,173.0,69.0
LBR,Grand Kru,,
LBR,Montserrado,168.0,56.6
LCA,Castries,173.55555555555554,64.66666666666667
LCA,Gros Islet,171.5,57.5
LES,Leribe,,
LES,Mafeteng,,
LES,Maseru,163.0,59.0
LES,Quthing,159.0,62.0
LES,Tseka,150.0,56.0
LIE,Balzers,175.75,75.25
LIE,Eschen,174.75,69.0
LIE,Mauren,175.66666666666666,70.33333333333333
LIE,Ruggell,177.0,65.5
LIE,Schaan,178.25,78.75
LIE,Triesen,,
LIE,Triesenberg,172.41666666666666,68.0
LIE,Vaduz,178.0,76.4
LTU,Alytus,181.625,73.6875
LTU,Kaunas,185.37362637362637,82.9888888888889
LTU,Klaipėda,186.875,85.6
LTU,Marijampolė,186.41666666666666,86.81818181818181
LTU,Panevėžys,181.63888888888889,76.52777777777777
LTU,Tauragė,181.57142857142858,80.21428571428571
LTU,Telšiai,178.33333333333334,72.33333333333333
LTU,Utena,182.05882352941177,75.17647058823529
LTU,Vilnius,180.07692307692307,75.99019607843137
LTU,Šiauliai,182.23076923076923,79.24
LUX,Diekirch,180.3,77.1
LUX,Grevenmacher,177.0,78.125
LUX,Luxembourg,175.224,69.50833333333334
Luppe,Wallendorf,,
MAD,Alaotra Mangoro,166.0,56.0
MAD,Analamanga,175.1,65.7
MAD,Atsimo-Andrefana,182.0,75.0
MAD,Atsinanana,182.0,79.0
MAD,Boeny,183.5,84.0
MAD,Diana,154.0,46.0
MAD,Itasy,164.0,57.0
MAD,Vakinankaratra,173.0,64.0
MAR,Béni Mellal-Khénifra,172.23333333333332,60.53333333333333
MAR,Casablanca-Settat,174.04123711340208,67.84782608695652
MAR,Drâa-Tafilalet,170.625,60.5
MAR,Fès-Meknès,173.7,62.7037037037037
MAR,Guelmim-Oued Noun,177.4,66.0
MAR,Marrakesh-Safi,170.03846153846155,59.96153846153846
MAR,Oriental,176.2,67.2
MAR,Rabat-Salé-Kénitra,175.06666666666666,66.68333333333334
MAR,Souss-Massa,172.16666666666666,61.166666666666664
MAR,Tanger-Tetouan-Al Hoceima,179.4,69.0
MAS,Johor,171.3846153846154,64.58333333333333
MAS,Kedah,169.6,57.8
MAS,Kelantan,171.5,69.5
MAS,Kuala Lumpur,171.40740740740742,69.03703703703704
MAS,Labuan,172.5,63.0
MAS,Melaka,171.25,61.375
MAS,Negeri Sembilan,168.0,60.4
MAS,Pahang,170.0,70.0
MAS,Perak,172.89655172413794,66.67857142857143
MAS,Perlis,162.0,62.0
MAS,Pulau Pinang,169.23076923076923,63.38461538461539
MAS,Sabah,167.5,60.5
MAS,Sarawak,165.25,60.5
MAS,Selangor,174.57142857142858,64.3076923076923
MAS,Terengganu,170.375,67.125
MAW,Blantyre,170.57142857142858,60.714285714285715
MAW,Lilongwe,169.25,62.0
MAW,Mulanje,154.5,50.5
MAW,Zomba,178.0,69.0
MDA,Anenii Noi,174.0,79.33333333333333
MDA,Basarabeasca,178.0,82.0
MDA,Briceni,173.33333333333334,67.33333333333333
MDA,Bălți,171.4,58.4
MDA,Cahul,173.5,95.66666666666667
MDA,Chișinău,179.15151515151516,76.2
MDA,Cimișlia,182.0,70.0
MDA,Criuleni,166.0,56.666666666666664
MDA,Călărași,166.0,57.0
MDA,Căușeni,175.0,75.0
MDA,Drochia,187.0,79.0
MDA,Dubăsari,177.0,75.0
MDA,Fălești,173.5,77.0
MDA,Găgăuzia,174.0,73.33333333333333
MDA,Hîncești,168.0,64.0
MDA,Ialoveni,168.0,73.0
MDA,Nisporeni,164.0,60.0
MDA,Ocnița,180.0,69.0
MDA,Orhei,204.0,125.0
MDA,Sîngerei,,
MDA,Taraclia,162.0,74.0
MDA,Transnistria,179.36363636363637,74.77272727272727
MDA,Ungheni,175.0,68.66666666666667
MDA,Ștefan Vodă,168.66666666666666,68.66666666666667
MDV,Malé,160.4,49.2
MEX,Aguascalientes,170.4,62.5
MEX,Baja California,175.32142857142858,69.5925925925926
MEX,Baja California Sur,179.0,71.5
MEX,Campeche,177.5,76.5
MEX,Chiapas,178.5,83.0
MEX,Chihuahua,180.225,76.41176470588235
MEX,Ciudad de México,172.81796116504853,66.49347258485639
MEX,Coahuila,176.72413793103448,70.70833333333333
MEX,Colima,178.66666666666666,81.5
MEX,Durango,170.21428571428572,64.0
MEX,Guanajuato,174.6875,68.86206896551724
MEX,Guerrero,172.33333333333334,62.625
MEX,Hidalgo,169.58333333333334,62.833333333333336
MEX,Jalisco,171.8131868131868,66.2235294117647
MEX,Michoacán,171.6818181818182,66.1
MEX,Morelos,176.1,67.9
MEX,México,167.83333333333334,59.63333333333333
MEX,Nayarit,180.57142857142858,73.33333333333333
MEX,Nuevo León,173.17073170731706,67.88888888888889
MEX,Oaxaca,166.08333333333334,59.8
MEX,Puebla,174.53846153846155,66.18181818181819
MEX,Querétaro,177.0,69.6
MEX,Quintana Roo,173.0,65.25
MEX,San Luis Potosí,169.94117647058823,62.38461538461539
MEX,Sinaloa,180.07407407407408,69.0
MEX,Sonora,178.39285714285714,70.83333333333333
MEX,Tabasco,179.0,71.5
MEX,Tamaulipas,174.5,71.36363636363636
MEX,Tlaxcala,162.9090909090909,53.54545454545455
MEX,Veracruz,173.78571428571428,67.65384615384616
MEX,Yucatán,168.1,65.4
MEX,Zacatecas,178.0,71.5
MGL,Arkhangai,179.0,83.66666666666667
MGL,Bayankhongor,172.57142857142858,77.71428571428571
MGL,Bulgan,173.5,73.25
MGL,Darkhan-Uul,159.0,55.0
MGL,Khentii,182.75,87.25
MGL,Khovd,165.0,60.75
MGL,Khövsgöl,169.6,79.4
MGL,Orkhon,174.0,61.0
MGL,Selenge,163.0,57.0
MGL,Sükhbaatar,174.0,82.0
MGL,Töv,167.5,69.5
MGL,Ulaanbaatar,170.2941176470588,67.265625
MGL,Uvs,172.3,76.77777777777777
MGL,Zavkhan,172.0,75.5
MGL,Övörkhangai,171.7,75.6
MHL,Kwajalein,176.0,65.0
MHL,Majuro,167.0,68.0
MHL,Maloelap,,
MHL,Mili,158.0,58.0
MKD,Berovo,170.0,64.0
MKD,Bitola,177.75,77.25
MKD,Gostivar,181.5,73.5
MKD,Kavadarci,174.0,72.5
MKD,Kičevo,183.0,73.0
MKD,Kratovo,176.0,68.0
MKD,Kruševo,177.5,68.0
MKD,Kumanovo,177.5,64.25
MKD,Mavrovo i Rostuša,,
MKD,Ohrid,174.5,71.0
MKD,Petrovec,172.0,74.0
MKD,Prilep,165.75,55.75
MKD,Rankovce,178.0,82.0
MKD,Skopje,176.34615384615384,73.11538461538461
MKD,Struga,172.5,77.5
MKD,Strumica,173.33333333333334,66.33333333333333
MKD,Tetovo,178.0,74.0
MKD,Veles,184.0,72.0
MKD,Zelenikovo,159.0,52.0
MKD,Štip,157.0,56.0
MLI,Bamako,182.61111111111111,76.0
MLI,Kayes,180.0,70.0
MLI,Ségou,181.0,
MLI,Tombouctou,176.0,68.0
MLT,Belt Valletta,175.0,
MLT,Imsida,177.0,86.0
MLT,Imtarfa,180.5,71.0
MLT,Mosta,187.0,86.0
MLT,Tal-Pietà,170.6,68.6
MLT,Tas-Sliema,174.66666666666666,76.0
MLT,Ħal Tarxien,154.0,
MLT,Ħaż-Żebbuġ,173.0,59.0
MNE,Bar,192.25,86.75
MNE,Berane,181.66666666666666,71.4
MNE,Bijelo Polje,211.0,102.0
MNE,Cetinje,184.94117647058823,83.17647058823529
MNE,Danilovgrad,181.0,78.0
MNE,Herceg Novi,187.33333333333334,86.77777777777777
MNE,Kolašin,196.0,100.0
MNE,Kotor,192.33333333333334,96.5
MNE,Mojkovac,191.5,102.5
MNE,Nikšić,183.83333333333334,80.17647058823529
MNE,Pljevlja,198.0,95.33333333333333
MNE,Podgorica,181.70967741935485,78.4
MNE,Rožaje,180.0,75.0
MNE,Tivat,180.0,86.0
MNE,Ulcinj,184.0,60.0
MNE,Žabljak,,
MON,Monaco,175.09375,74.38709677419355
MOZ,Maputo,172.05882352941177,67.75
MOZ,Niassa,170.0,61.0
MOZ,Zambezia,163.0,60.0
MQE,Martinique,175.0,70.0
MRI,Moka,174.0,58.0
MRI,Plaines Wilhems,172.2,64.0
MRI,Port Louis,179.5,85.0
MRI,Rodrigues,153.0,52.0
MRT,Saint-Martin,183.0,76.0
MTN,Nouakchott,165.5,59.0
MTS,Montserrat,180.0,74.0
MYA,Ayeyarwady,160.66666666666666,54.333333333333336
MYA,Bago,175.66666666666666,75.66666666666667
MYA,Chin,167.0,57.0
MYA,Kachin,167.5,58.5
MYA,Mandalay,162.0,54.0
MYA,Tanintharyi,163.5,
MYA,Yangon,167.0,60.57142857142857
Milde,Kalbe,196.5,109.0
Munich,München,,
NAM,Caprivi,,
NAM,Erongo,170.2,60.4
NAM,Hardap,184.0,84.0
NAM,Kavango,,
NAM,Khomas,172.33333333333334,63.888888888888886
NAM,Ohangwena,163.5,48.5
NAM,Omusati,165.0,55.0
NAM,Oshana,167.0,54.25
NAM,Otjozondjupa,177.66666666666666,63.333333333333336
NCA,Atlántico Norte,157.0,50.0
NCA,Atlántico Sur,180.0,81.0
NCA,Carazo,170.0,55.0
NCA,Chinandega,167.5,62.5
NCA,Granada,,
NCA,Jinotega,173.0,59.0
NCA,León,171.5,67.25
NCA,Madriz,167.0,57.0
NCA,Managua,169.31578947368422,62.8421052631579
NCA,Matagalpa,168.0,55.0
NCA,Rivas,,
NCD,New Caledonia,178.3,77.6
NED,Drenthe,180.38709677419354,73.89655172413794
NED,Flevoland,180.75,71.0
NED,Friesland,182.01470588235293,75.95588235294117
NED,Gelderland,182.15753424657535,74.81506849315069
NED,Groningen,180.33928571428572,72.89285714285714
NED,Limburg,179.546875,72.48387096774194
NED,Noord-Brabant,178.9020618556701,74.13756613756614
NED,Noord-Holland,180.1170431211499,74.89870689655173
NED,Overijssel,179.55555555555554,73.95327102803738
NED,Utrecht,181.34615384615384,75.59677419354838
NED,Zeeland,175.05,66.85
NED,Zuid-Holland,179.35307517084283,74.07962529274005
NEP,Bagmati,163.8181818181818,57.81818181818182
NEP,Gandaki,159.0,53.0
NEP,Janakpur,156.0,58.0
NEP,Karnali,161.5,60.0
NEP,Kosi,161.0,60.0
NEP,Lumbini,156.0,54.666666666666664
NEP,Narayani,165.5,70.5
NEP,Sagarmatha,171.0,58.0
NFI,Norfolk Island,,
NGR,Abia,176.0,71.66666666666667
NGR,Abuja,175.75,75.0
NGR,Adamawa,171.5,62.5
NGR,Akwa Ibom,185.0,91.0
NGR,Anambra,181.16666666666666,69.83333333333333
NGR,Bayelsa,174.33333333333334,76.66666666666667
NGR,Benue,187.0,70.0
NGR,Cross River,171.0,69.125
NGR,Delta,176.5,73.0
NGR,Edo,176.95,74.0
NGR,Ekiti,176.0,65.33333333333333
NGR,Enugu,176.6153846153846,80.0
NGR,Gongola,182.0,76.0
NGR,Imo,171.45454545454547,64.81818181818181
NGR,Kaduna,176.77272727272728,75.80952380952381
NGR,Kano,171.57142857142858,76.33333333333333
NGR,Katsina,170.0,68.0
NGR,Kwara,169.5,59.4
NGR,Lagos,176.38028169014083,71.63235294117646
NGR,Ogun,180.16666666666666,75.0
NGR,Ondo,167.36363636363637,62.36363636363637
NGR,Osun,181.2,79.8
NGR,Oyo,178.33333333333334,75.11111111111111
NGR,Plateau,175.125,69.14285714285714
NGR,Rivers,182.875,75.28571428571429
NIG,Dosso,172.5,59.0
NIG,Niamey,176.0,71.33333333333333
NIG,Tahoua,168.0,52.0
NIG,Tillabéri,163.0,64.0
NOR,Agder,178.71153846153845,74.26666666666667
NOR,Innlandet,178.00925925925927,73.68354430379746
NOR,Møre og Romsdal,177.68571428571428,71.58064516129032
NOR,Nordland,179.78947368421052,75.88888888888889
NOR,Oslo,179.30073349633253,76.09243697478992
NOR,Rogaland,179.75714285714287,74.24561403508773
NOR,Troms og Finnmark,177.0,71.2
NOR,Trøndelag,177.4087591240876,70.96
NOR,Vestfold og Telemark,180.4056603773585,75.55319148936171
NOR,Vestland,178.4608695652174,72.2
NOR,Viken,178.0,74.36279069767441
NRU,Aiwo,160.0,69.0
NRU,Anetan,160.0,
NRU,Buada,175.0,148.0
NRU,Meneng,165.0,136.0
NZL,Auckland,177.66780821917808,75.48659003831418
NZL,Bay of Plenty,180.0,78.13333333333334
NZL,Canterbury,178.77777777777777,75.46710526315789
NZL,Gisborne,175.8235294117647,77.8125
NZL,Manawatu-Wanganui,176.9268292682927,72.47222222222223
NZL,Marlborough,182.42857142857142,76.28571428571429
NZL,Nelson,177.15,67.83333333333333
NZL,Northland,173.86363636363637,70.64285714285714
NZL,Otago,177.08139534883722,72.0
NZL,Southland,178.13636363636363,74.89473684210526
NZL,Taranaki,176.225,72.86111111111111
NZL,Tasman,189.0,
NZL,Waikato,178.90677966101694,76.51515151515152
NZL,Wellington,178.3896103896104,73.97014925373135
NZL,West Coast,166.83333333333334,61.5
OMA,Ad-Dakhiliyah,172.5,67.5
OMA,Al-Batinah,167.33333333333334,72.66666666666667
OMA,Ash-Sharqiyah,173.0,67.0
OMA,Masqat,168.5,68.5
PAK,Balochistan,178.25,75.875
PAK,Gilgit-Baltistan,165.5,59.5
PAK,Islamabad,182.0,70.0
PAK,Khyber-Pukhtunkhwa,170.9,67.2
PAK,Punjab,172.873786407767,68.86
PAK,Sindh,173.72727272727272,68.0909090909091
PAN,Coclé,,
PAN,Colón,177.66666666666666,67.0
PAN,Panamá,174.8181818181818,69.72727272727273
PAN,Panamá Oeste,,
PAN,Veraguas,190.0,90.0
PAR,Alto Paraguay,160.0,66.0
PAR,Alto Paraná,178.0,75.0
PAR,Asunción,174.09677419354838,70.25806451612904
PAR,Caaguazú,157.0,54.0
PAR,Central,181.30769230769232,79.23076923076923
PAR,Concepción,183.5,96.0
PAR,Cordillera,181.66666666666666,83.33333333333333
PAR,Itapúa,188.66666666666666,80.33333333333333
PAR,Paraguarí,,
PER,Ancash,165.5,64.0
PER,Arequipa,175.85714285714286,78.71428571428571
PER,Ayacucho,,
PER,Cajamarca,169.0,64.0
PER,Callao,174.875,74.28571428571429
PER,Cusco,166.33333333333334,61.666666666666664
PER,Huancavelica,152.0,45.0
PER,Ica,176.7,71.2
PER,Junín,171.33333333333334,63.666666666666664
PER,La Libertad,170.8,71.0
PER,Lambayeque,,
PER,Lima,174.26119402985074,70.87878787878788
PER,Loreto,,
PER,Moquegua,,
PER,Piura,179.57142857142858,77.42857142857143
PER,Puno,164.0,54.0
PER,San Martín,172.5,64.0
PER,Tacna,172.0,70.0
PER,Tumbes,155.0,58.0
PER,Ucayali,,
PHI,Albay,179.0,75.33333333333333
PHI,Antique,159.0,53.0
PHI,Batangas,,
PHI,Benguet,173.0,72.5
PHI,Bohol,181.66666666666666,69.5
PHI,Bulacan,173.4,63.4
PHI,Cagayan,157.5,63.5
PHI,Camarines Sur,167.0,56.0
PHI,Capiz,,
PHI,Cavite,180.0,75.0
PHI,Cebu,157.0,48.0
PHI,Cebu City,177.0,73.33333333333333
PHI,Cotabato,162.0,48.0
PHI,Davao City,160.0,54.5
PHI,Davao del Norte,168.0,60.0
PHI,Davao del Sur,,
PHI,Guimaras,,
PHI,Ilocos Norte,169.66666666666666,66.66666666666667
PHI,Iloilo,173.0,64.625
PHI,Laguna,169.0,62.0
PHI,Leyte,,
PHI,Malabon,175.0,95.0
PHI,Manila,173.07272727272726,66.04444444444445
PHI,Misamis Occidental,165.0,59.0
PHI,Misamis Oriental,163.0,53.0
PHI,Negros Occidental,162.0,50.0
PHI,Negros Oriental,170.0,54.0
PHI,Nueva Ecija,167.0,63.0
PHI,Occidental Mindoro,173.5,54.0
PHI,Palawan,170.0,64.0
PHI,Pampanga,173.6,69.4
PHI,Pangasinan,175.0,69.33333333333333
PHI,Quezon,165.0,50.0
PHI,Rizal,180.0,68.5
PHI,Romblon,168.0,53.0
PHI,Samar,150.0,60.0
PHI,Sorsogon,176.0,73.0
PHI,South Cotabato,153.0,69.0
PHI,Southern Leyte,175.0,63.0
PHI,Sulu,177.25,67.625
PHI,Tarlac,174.0,59.0
PHI,Zambales,164.0,61.0
PHI,Zamboanga del Sur,162.0,59.333333333333336
PLE,Ariha,167.0,58.0
PLE,Bayt Lahm,165.66666666666666,58.333333333333336
PLE,Deir el-Balah,168.5,64.0
PLE,Ghazza,173.0,65.5
PLE,Khan Yunis,175.0,65.0
PLE,Nablus,164.0,47.0
PLE,Ramallah and Al-Bireh,,
PLE,Simal Ghazza,160.0,58.0
PLW,Koror,164.11111111111111,55.888888888888886
PNG,Bougainville,171.8,61.2
PNG,Central,177.5,73.0
PNG,East New Britain,172.5,63.166666666666664
PNG,Madang,179.0,98.0
PNG,Milne Bay,166.5,65.0
PNG,Morobe,179.5,77.0
PNG,National Capital District,171.46666666666667,67.66666666666667
PNG,New Ireland,164.0,59.0
PNG,Sandaun,165.0,64.0
PNG,Western,162.0,54.0
PNG,Western Highlands,168.0,63.0
POL,Dolnośląskie,177.9662447257384,75.20600858369099
POL,Kujawsko-Pomorskie,180.17469879518072,77.02453987730061
POL,Lubelskie,176.7922077922078,72.4
POL,Lubuskie,177.72043010752688,72.19354838709677
POL,Mazowieckie,178.12534818941504,74.3061797752809
POL,Małopolskie,173.58640226628896,69.52571428571429
POL,Opolskie,176.01923076923077,72.84313725490196
POL,Podkarpackie,175.97674418604652,71.34117647058824
POL,Podlaskie,176.88235294117646,75.85714285714286
POL,Pomorskie,178.1356783919598,72.56281407035176
POL,Warmińsko-Mazurskie,179.37383177570092,76.83177570093459
POL,Wielkopolskie,178.63090128755366,75.62173913043478
POL,Zachodniopomorskie,178.23478260869564,73.98260869565217
POL,Łódzkie,176.29655172413794,72.02777777777777
POL,Śląskie,174.62005277044855,70.90106951871658
POL,Świętokrzyskie,174.95744680851064,70.25531914893617
POR,Distrito da Guarda,171.66666666666666,64.0
POR,Distrito de Aveiro,174.16666666666666,67.66666666666667
POR,Distrito de Beja,171.57142857142858,65.14285714285714
POR,Distrito de Braga,178.3913043478261,76.0909090909091
POR,Distrito de Bragança,169.0,58.0
POR,Distrito de Castelo Branco,176.6,80.4
POR,Distrito de Coimbra,172.28571428571428,70.21428571428571
POR,Distrito de Faro,173.25,63.25
POR,Distrito de Leiria,175.21428571428572,71.57142857142857
POR,Distrito de Lisboa,175.66225165562915,71.1360544217687
POR,Distrito de Portalegre,175.66666666666666,64.66666666666667
POR,Distrito de Santarém,172.7,65.3
POR,Distrito de Setúbal,178.47058823529412,73.47058823529412
POR,Distrito de Viana do Castelo,178.88888888888889,75.11111111111111
POR,Distrito de Vila Real,175.83333333333334,65.0
POR,Distrito de Viseu,175.77777777777777,67.71428571428571
POR,Distrito de Évora,173.2,68.4
POR,Distrito do Porto,174.62857142857143,69.69565217391305
POR,Região Autónoma da Madeira,174.35714285714286,69.42857142857143
POR,Região Autónoma dos Açores,174.5,68.0
PRK,Chagang,162.0,60.0
PRK,Hamgyeongbuk,163.5,59.5
PRK,Hamgyeongnam,166.5,62.333333333333336
PRK,Hwanghaenam,159.33333333333334,49.666666666666664
PRK,Kangweon,178.0,65.0
PRK,Pyeonganbuk,166.0,64.25
PRK,Pyeongannam,164.5,59.333333333333336
PRK,Pyeongyang,163.72549019607843,57.645833333333336
PRK,Ryanggang,157.0,56.0
PUR,Puerto Rico,177.85294117647058,71.84803921568627
Prignitz,Groß Pankow,194.0,90.0
QAT,Ad-Dawhah,176.88888888888889,74.66666666666667
ROU,Alba,172.69230769230768,70.46153846153847
ROU,Arad,176.32142857142858,73.60714285714286
ROU,Argeș,178.0,76.28571428571429
ROU,Bacău,168.37142857142857,62.34285714285714
ROU,Bihor,177.6818181818182,75.5909090909091
ROU,Bistrița-Năsăud,170.27272727272728,64.68181818181819
ROU,Botoșani,180.3793103448276,79.15384615384616
ROU,Brașov,174.5686274509804,69.06122448979592
ROU,Brăila,180.71875,76.6774193548387
ROU,București,175.51985559566788,71.12167300380229
ROU,Buzău,172.46666666666667,67.2
ROU,Caraș-Severin,172.19230769230768,67.88461538461539
ROU,Cluj,173.79032258064515,70.16949152542372
ROU,Constanța,172.14634146341464,68.71052631578948
ROU,Covasna,175.46153846153845,73.0909090909091
ROU,Călărași,181.125,81.28571428571429
ROU,Dolj,173.26315789473685,64.41666666666667
ROU,Dâmbovița,177.69230769230768,74.07692307692308
ROU,Galați,179.15151515151516,75.28125
ROU,Giurgiu,170.14285714285714,66.57142857142857
ROU,Gorj,178.33333333333334,66.4
ROU,Harghita,175.66666666666666,72.44444444444444
ROU,Hunedoara,174.0,76.33333333333333
ROU,Ialomița,184.23076923076923,83.58333333333333
ROU,Iași,178.1290322580645,75.28571428571429
ROU,Ilfov,170.45454545454547,68.9090909090909
ROU,Maramureș,178.64705882352942,73.5
ROU,Mehedinți,172.8,68.28571428571429
ROU,Mureș,175.87755102040816,72.82978723404256
ROU,Neamț,177.42857142857142,74.70370370370371
ROU,Olt,178.6,75.25
ROU,Prahova,174.98507462686567,72.74242424242425
ROU,Satu Mare,174.56,68.45833333333333
ROU,Sibiu,171.61111111111111,67.29411764705883
ROU,Suceava,180.08620689655172,75.67391304347827
ROU,Sălaj,176.44444444444446,72.33333333333333
ROU,Teleorman,174.71428571428572,77.5
ROU,Timiș,172.95555555555555,67.86046511627907
ROU,Tulcea,177.0888888888889,76.63636363636364
ROU,Vaslui,180.13636363636363,77.05555555555556
ROU,Vrancea,170.42857142857142,63.714285714285715
ROU,Vâlcea,173.8181818181818,66.81818181818181
RSA,Eastern Cape,174.11320754716982,66.01923076923077
RSA,Free State,176.04545454545453,72.11363636363636
RSA,Gauteng,177.84150943396227,72.75478927203065
RSA,KwaZulu-Natal,176.9075630252101,70.88135593220339
RSA,Limpopo,177.0,72.66666666666667
RSA,Mpumalanga,178.41666666666666,75.58333333333333
RSA,North West,177.82608695652175,73.69565217391305
RSA,Northern Cape,179.58823529411765,71.29411764705883
RSA,Western Cape,178.16129032258064,74.46218487394958
RUS,Altay Kray,173.5625,68.82758620689656
RUS,Amur,173.76923076923077,70.07692307692308
RUS,Arkhangelsk,173.91304347826087,69.86363636363636
RUS,Astrakhan,179.66666666666666,74.33333333333333
RUS,Belgorod,180.21428571428572,74.42857142857143
RUS,Bryansk,176.42857142857142,72.32142857142857
RUS,Chechenskaya Respublika,173.86363636363637,73.36363636363636
RUS,Chelyabinsk,177.1875,73.104
RUS,Chuvashkaya Respublika,166.8918918918919,57.054054054054056
RUS,Irkutsk,177.0983606557377,76.33333333333333
RUS,Ivanovo,176.68421052631578,71.3157894736842
RUS,Kabardino-Balkarskaya Respublika,176.2,79.64285714285714
RUS,Kaliningrad,176.3469387755102,75.51020408163265
RUS,Kaluga,180.0909090909091,74.72727272727273
RUS,Kamchatka Kray,171.58333333333334,66.54545454545455
RUS,Karachayevo-Cherkesskaya Respublika,169.4,63.8
RUS,Kemerovo,173.91228070175438,72.38181818181818
RUS,Khabarovsk Kray,180.08823529411765,77.79411764705883
RUS,Khanty-Mansi Avtonomny Okrug,185.78571428571428,75.78571428571429
RUS,Kirov,173.8108108108108,69.3529411764706
RUS,Kostroma,178.44444444444446,69.66666666666667
RUS,Krasnodar Kray,180.72093023255815,76.52941176470588
RUS,Krasnoyarsk Kray,176.2207792207792,73.76
RUS,Kurgan,179.88888888888889,74.77777777777777
RUS,Kursk,178.21428571428572,75.78571428571429
RUS,Leningrad,175.94495412844037,71.85393258426966
RUS,Lipetsk,181.05,74.4
RUS,Magadan,172.85714285714286,65.78571428571429
RUS,Moskva,176.6894803548796,72.34383202099738
RUS,Moskva Oblast,176.45098039215685,73.58585858585859
RUS,Murmansk,172.9375,67.6875
RUS,Nenets Avtonomny Okrug,176.5,67.5
RUS,Nizhny Novgorod,174.47560975609755,68.90123456790124
RUS,Novgorod,178.44444444444446,79.44444444444444
RUS,Novosibirsk,176.54545454545453,71.15151515151516
RUS,Omsk,177.79032258064515,74.53225806451613
RUS,Orenburg,178.0,73.73684210526316
RUS,Oryol,181.9,88.6
RUS,Penza,174.8,68.57575757575758
RUS,Perm Kray,174.66666666666666,69.93150684931507
RUS,Primorsky Kray,179.33333333333334,75.05
RUS,Pskov,176.43478260869566,75.22727272727273
RUS,Respublika Adygeya,172.33333333333334,69.33333333333333
RUS,Respublika Altay,175.5,71.33333333333333
RUS,Respublika Bashkortostan,174.4558823529412,69.29850746268657
RUS,Respublika Buryatiya,168.57142857142858,63.785714285714285
RUS,Respublika Dagestan,175.61290322580646,78.90217391304348
RUS,Respublika Ingushetiya,175.5,82.16666666666667
RUS,Respublika Kalmykiya,169.0,59.666666666666664
RUS,Respublika Kareliya,176.53125,72.08
RUS,Respublika Khakasiya,170.0,61.25
RUS,Respublika Komi,179.46428571428572,73.53571428571429
RUS,Respublika Mary El,179.0,72.0
RUS,Respublika Mordoviya,173.23076923076923,63.80769230769231
RUS,Respublika Sakha,170.33333333333334,67.38888888888889
RUS,Respublika Severnaya Osetiya-Alaniya,176.23214285714286,82.56363636363636
RUS,Respublika Tatarstan,174.85915492957747,70.11428571428571
RUS,Respublika Tyva,157.75,52.75
RUS,Rostov,177.74545454545455,74.08181818181818
RUS,Ryazan,179.04347826086956,80.04347826086956
RUS,Sakhalin,177.1578947368421,72.66666666666667
RUS,Samara,178.36986301369862,73.34782608695652
RUS,Saratov,179.75,74.61111111111111
RUS,Smolensk,174.45454545454547,69.13636363636364
RUS,Stavropol Kray,182.45714285714286,81.27272727272727
RUS,Sverdlovsk,176.6936416184971,70.38787878787879
RUS,Tambov,174.55,71.27777777777777
RUS,Tomsk,174.85,69.9
RUS,Tula,172.88372093023256,71.30232558139535
RUS,Tver,178.4,75.15
RUS,Tyumen,177.3846153846154,77.3076923076923
RUS,Udmurtskaya Respublika,175.45714285714286,71.58823529411765
RUS,Ulyanovsk,177.46666666666667,71.42857142857143
RUS,Vladimir,173.42105263157896,73.26315789473684
RUS,Volgograd,179.75757575757575,73.0923076923077
RUS,Vologda,174.45833333333334,72.04166666666667
RUS,Voronezh,174.88372093023256,70.92857142857143
RUS,Yamalo-Nenets Avtonomny Okrug,165.0,56.0
RUS,Yaroslavl,177.0731707317073,74.2439024390244
RUS,Yevreyskaya Avtonomnaya Oblast,169.0,61.0
RUS,Zabaykalsky Kray,169.93333333333334,75.13333333333334
RWA,Est,165.0,68.0
RWA,Kigali,160.0,50.0
RWA,Nord,158.0,57.5
RWA,Sud,160.0,53.0
SAM,Tuamasaga,174.0,82.8
SAM,Vaisigano,183.0,73.0
SEN,Dakar,182.5079365079365,73.61290322580645
SEN,Diourbel,186.0,77.0
SEN,Fatick,,
SEN,Kaolack,187.5,81.5
SEN,Saint-Louis,183.9,75.0
SEN,Sédhiou,175.0,75.0
SEN,Tambacounda,173.0,58.0
SEN,Thiès,184.4,76.9
SEN,Ziguinchor,173.83333333333334,67.5
SEY,Les Mamelles,,
SGP,Singapore,169.64615384615385,64.78688524590164
SKN,Saint Anne Sandy Point,173.0,69.0
SKN,Saint George Basseterre,173.85714285714286,69.14285714285714
SKN,Saint Paul Charlestown,175.0,58.0
SKN,Saint Peter Basseterre,180.0,77.0
SLE,Northern,175.5,82.5
SLE,Southern,,
SLE,Western,177.4375,70.75
SLO,Ajdovščina,171.0,63.0
SLO,Bled,176.16666666666666,70.22222222222223
SLO,Bloke,163.0,75.0
SLO,Bohinj,,
SLO,Borovnica,176.0,62.0
SLO,Braslovče,181.0,72.0
SLO,Brezovica,,
SLO,Brežice,176.83333333333334,74.5
SLO,Celje,180.07692307692307,77.5576923076923
SLO,Cerklje na Gorenjskem,178.0,78.0
SLO,Divača,,
SLO,Dobrova-Polhov Gradec,,
SLO,Dol pri Ljubljani,,
SLO,Domžale,176.0,66.0
SLO,Gorenja vas-Poljane,183.0,66.0
SLO,Gorje,173.0,67.0
SLO,Hodoš,168.0,53.0
SLO,Ivančna Gorica,180.0,73.66666666666667
SLO,Izola,176.66666666666666,71.0
SLO,Jesenice,178.12,77.72
SLO,Kamnik,160.0,54.0
SLO,Kobarid,179.0,89.0
SLO,Komenda,,
SLO,Koper,179.6153846153846,78.47826086956522
SLO,Kozje,180.0,68.0
SLO,Kočevje,,
SLO,Kranj,177.81690140845072,72.5774647887324
SLO,Kranjska Gora,175.55555555555554,75.33333333333333
SLO,Krško,179.0,84.0
SLO,Lendava,176.0,69.0
SLO,Ljubljana,178.36686390532543,73.17365269461078
SLO,Ljubno,170.0,60.0
SLO,Logatec,,
SLO,Loška Dolina,175.0,74.0
SLO,Luče,167.0,62.0
SLO,Maribor,181.66666666666666,77.8936170212766
SLO,Medvode,172.0,67.0
SLO,Mežica,,
SLO,Miklavž na Dravskem polju,182.0,92.0
SLO,Mozirje,175.0,65.0
SLO,Murska Sobota,168.66666666666666,83.33333333333333
SLO,Naklo,176.0,63.0
SLO,Nova Gorica,178.57142857142858,73.0
SLO,Novo mesto,179.88235294117646,74.3529411764706
SLO,Piran,173.0,66.5
SLO,Postojna,184.83333333333334,81.4
SLO,Prevalje,180.0,70.0
SLO,Ptuj,181.2,74.8
SLO,Radlje ob Dravi,181.0,86.0
SLO,Radovljica,173.0,62.0
SLO,Ravne na Koroškem,189.5,82.5
SLO,Ribnica,199.0,95.0
SLO,Sežana,175.75,76.25
SLO,Slovenj Gradec,177.33333333333334,71.88888888888889
SLO,Slovenska Bistrica,173.0,70.16666666666667
SLO,Slovenske Konjice,178.0,80.0
SLO,Straža,179.0,61.0
SLO,Tišina,177.0,68.0
SLO,Tolmin,173.0,72.0
SLO,Trbovlje,176.88888888888889,71.55555555555556
SLO,Trebnje,180.5,74.0
SLO,Tržič,177.75,71.75
SLO,Velenje,181.25,76.25
SLO,Vipava,171.0,69.5
SLO,Vrhnika,169.0,62.0
SLO,Vuzenica,,
SLO,Zagorje ob Savi,184.0,82.0
SLO,Črna na Koroškem,173.0,72.66666666666667
SLO,Črnomelj,168.0,62.0
SLO,Šempeter-Vrtojba,170.33333333333334,62.0
SLO,Šenčur,178.0,75.0
SLO,Škofja Loka,172.25,66.625
SLO,Šmarje pri Jelšah,189.0,84.0
SLO,Šmartno ob Paki,171.0,60.0
SLO,Žalec,167.25,69.75
SLO,Železniki,,
SLO,Žiri,173.0,70.0
SLO,Žirovnica,174.33333333333334,66.0
SMR,Borgo Maggiore,173.25,66.0
SMR,Città di San Marino,173.1764705882353,70.11764705882354
SMT,Sint Maarten,163.0,58.0
SOL,Capital Territory,172.5,67.5
SOL,Guadalcanal,,
SOL,Makira-Ulawa,,
SOL,Malaita,166.0,64.0
SOM,Awdal,188.0,66.0
SOM,Banaadir,174.44444444444446,63.666666666666664
SOM,Gedo,178.0,75.0
SOM,Lower Juba,175.0,57.0
SOM,Sool,182.5,71.5
SOM,Togdheer,,
SRB,Beograd,186.5,82.66871165644172
SRB,Braničevo,185.33333333333334,83.5
SRB,Jablanica,187.75,79.5
SRB,Južna Bačka,185.17808219178082,80.06944444444444
SRB,Južni Banat,181.0,73.25
SRB,Kolubara,176.75,67.25
SRB,Mačva,186.2941176470588,80.41176470588235
SRB,Moravica,189.375,83.75
SRB,Nišava,185.08695652173913,83.0
SRB,Pirot,190.0,85.0
SRB,Podunavlje,180.8,71.0
SRB,Pomoravlje,181.83333333333334,75.5
SRB,Pčinja,185.4,80.0
SRB,Rasina,182.3,77.4
SRB,Raška,187.86666666666667,80.86666666666666
SRB,Severna Bačka,182.58333333333334,76.80952380952381
SRB,Severni Banat,176.94736842105263,75.3157894736842
SRB,Srednji Banat,183.48,79.4
SRB,Srem,188.0,89.0
SRB,Toplica,163.0,53.0
SRB,Zaječar,187.5,85.5
SRB,Zapadna Bačka,177.96,74.875
SRB,Zlatibor,182.04347826086956,74.34782608695652
SRB,Šumadija,181.9,77.2
SRI,Basnahira,171.53846153846155,62.61538461538461
SRI,Dakunu,173.0,70.66666666666667
SRI,Madhyama,165.42857142857142,59.5
SRI,Puttalam,170.25,58.0
SRI,Sabaragamuwa,172.5,57.5
SRI,Uturumeda,168.0,69.0
SRI,Wayamba,165.0,65.0
SSD,Central Equatoria,180.0,75.0
SSD,Eastern Equatoria,180.0,69.0
SSD,Jonglei,188.5,73.0
SSD,Unity,179.5,59.5
SSD,Upper Nile,180.66666666666666,61.0
SSD,Western Bahr el Ghazal,183.0,79.5
STP,São Tomé,184.25,75.75
SUD,Al-Jazirah,167.0,63.5
SUD,Al-Khartum,174.76923076923077,64.53846153846153
SUD,Gharb Darfur,170.0,58.0
SUD,Gharb Kurdufan,176.0,60.0
SUD,Janub Kurdufan,176.5,81.0
SUD,Nahr An-Nil,171.0,64.0
SUD,Sennar,185.0,80.0
SUD,Shamal Kurdufan,176.5,59.0
SUD,Wasat Darfur,,
SUI,Aargau,177.6451612903226,73.16129032258064
SUI,Appenzell Ausserrhoden,172.86666666666667,71.2
SUI,Appenzell Innerrhoden,176.0,64.66666666666667
SUI,Basel-Landschaft,177.42105263157896,76.3529411764706
SUI,Basel-Stadt,175.77777777777777,70.1470588235294
SUI,Bern,175.89795918367346,72.25388601036269
SUI,Fribourg,178.52173913043478,74.9047619047619
SUI,Genève,178.40350877192984,73.32142857142857
SUI,Glarus,174.85714285714286,74.64285714285714
SUI,Graubünden,174.4915254237288,72.09322033898304
SUI,Jura,174.4,71.75
SUI,Luzern,178.25675675675674,73.84931506849315
SUI,Neuchâtel,177.59259259259258,74.58333333333333
SUI,Nidwalden,177.54545454545453,72.27272727272727
SUI,Obwalden,169.625,62.375
SUI,Sankt Gallen,175.7843137254902,71.05050505050505
SUI,Schaffhausen,180.14285714285714,76.58333333333333
SUI,Schwyz,173.58064516129033,68.12903225806451
SUI,Solothurn,177.96428571428572,75.17857142857143
SUI,Thurgau,178.82051282051282,78.72972972972973
SUI,Ticino,174.85185185185185,68.38461538461539
SUI,Uri,175.33333333333334,67.33333333333333
SUI,Valais,176.70666666666668,73.45333333333333
SUI,Vaud,175.42857142857142,70.10526315789474
SUI,Zug,177.22222222222223,74.14814814814815
SUI,Zürich,176.73828125,72.956
SUR,Marowijne,184.0,74.0
SUR,Paramaribo,174.0,70.21428571428571
SVK,Banská Bystrica,176.875,72.32692307692308
SVK,Bratislava,177.10526315789474,72.44370860927152
SVK,Košice,178.73563218390805,74.62790697674419
SVK,Nitra,180.4805194805195,77.81818181818181
SVK,Prešov,178.88888888888889,74.98876404494382
SVK,Trenčín,180.09574468085106,78.02150537634408
SVK,Trnava,181.39655172413794,81.1896551724138
SVK,Žilina,178.83739837398375,75.44262295081967
SWE,Blekinge,182.33333333333334,78.82608695652173
SWE,Dalarna,179.35064935064935,74.98666666666666
SWE,Gotland,178.0,72.0
SWE,Gävleborg,178.3,74.0
SWE,Halland,182.21212121212122,77.75757575757575
SWE,Jämtland,179.22222222222223,76.5
SWE,Jönköping,177.47727272727272,72.45454545454545
SWE,Kalmar,178.38888888888889,72.05882352941177
SWE,Kronoberg,182.45,76.78947368421052
SWE,Norrbotten,176.43859649122808,74.35087719298245
SWE,Skåne,180.16836734693877,75.69072164948453
SWE,Stockholm,178.8903743315508,74.90055248618785
SWE,Södermanland,180.92156862745097,75.96
SWE,Uppsala,179.17307692307693,75.76923076923077
SWE,Värmland,178.375,73.29629629629629
SWE,Västerbotten,176.24561403508773,74.01851851851852
SWE,Västernorrland,177.78571428571428,74.11428571428571
SWE,Västmanland,180.46428571428572,78.35714285714286
SWE,Västra Götaland,179.88424437299037,75.89250814332247
SWE,Örebro,175.5,73.8409090909091
SWE,Östergötland,178.88333333333333,72.86666666666666
SWZ,Hhohho,174.0,63.0
SWZ,Lubombo,180.0,82.0
SWZ,Manzini,170.0,70.0
SYR,As-Suwayda,176.0,65.0
SYR,Dimashq,175.0,77.0
SYR,Halab,176.5,69.75
SYR,Hama,183.8,97.2
SYR,Homs,166.5,57.0
SYR,Latakia,,
Saale,Halle,180.5,72.5
Saale,Nienburg,170.0,59.0
Spreewald,Burg,,
TAN,Arusha,179.33333333333334,60.0
TAN,Dar-es-Salaam,166.0,63.666666666666664
TAN,Dodoma,175.4,59.2
TAN,Iringa,168.0,51.0
TAN,Kagera,169.0,63.5
TAN,Kilimanjaro,153.0,48.0
TAN,Manyara,169.75,54.25
TAN,Mara,174.0,66.66666666666667
TAN,Mwanza,173.0,62.0
TAN,Ruvuma,180.0,69.0
TAN,Singida,158.0,52.0
TAN,Tanga,165.0,63.0
TGA,Ongo Niua,184.0,89.0
TGA,Tongatapu,185.0,68.0
THA,Ayutthaya,172.0,61.0
THA,Buri Ram,170.0,60.0
THA,Chanthaburi,180.0,72.0
THA,Chiang Mai,168.7,61.6
THA,Chiang Rai,163.0,60.0
THA,Chonburi,166.44444444444446,59.44444444444444
THA,Chumphon,154.0,48.0
THA,Kalasin,,
THA,Kamphaeng Phet,161.5,50.0
THA,Kanchanaburi,175.66666666666666,69.33333333333333
THA,Khon Kaen,162.5,53.166666666666664
THA,Krung Thep Maha Nakhon,169.1216216216216,63.18571428571428
THA,Lampang,180.0,82.0
THA,Lamphun,158.0,47.0
THA,Lopburi,170.25,64.75
THA,Maha Sarakham,160.0,48.0
THA,Nakhon Pathom,173.0,71.66666666666667
THA,Nakhon Ratchasima,164.75,64.0
THA,Nakhon Sawan,181.0,94.0
THA,Nong Khai,164.0,52.0
THA,Pathum Thani,176.0,58.0
THA,Phitsanulok,169.5,61.0
THA,Phuket,178.0,75.0
THA,Prachinburi,169.5,56.5
THA,Prachuap Khiri Khan,165.0,48.0
THA,Ranong,168.0,63.0
THA,Ratchaburi,167.0,75.0
THA,Roi Et,159.5,57.5
THA,Sa Kaeo,166.0,52.0
THA,Samut Prakan,173.33333333333334,68.16666666666667
THA,Samut Sakhon,172.5,65.5
THA,Sing Buri,166.0,57.0
THA,Songkhla,182.0,72.0
THA,Surat Thani,176.0,68.0
THA,Surin,161.4,62.0
THA,Ubon Ratchathani,165.0,53.0
THA,Udon Thani,170.0,59.0
THA,Uttaradit,168.0,70.0
THA,Yasothon,169.0,59.0
TJK,Khatlon,179.88888888888889,89.22222222222223
TJK,Nohijahoi Tobei Çumhuri,176.4102564102564,72.82051282051282
TJK,Sughd,179.125,77.0
TKM,Ahal,190.0,117.0
TKM,Ashgabat,178.65,67.65
TKM,Balkan,182.0,88.0
TKM,Daşoguz,162.0,62.0
TKM,Lebap,170.66666666666666,63.333333333333336
TKM,Mary,179.0,90.5
TKS,Turks and Caicos Islands,181.5,81.0
TLS,Baucau,158.0,53.0
TLS,Bobonaro,168.0,60.0
TLS,Dili,153.0,50.333333333333336
TLS,Lautém,159.5,48.0
TLS,Viqueque,175.0,67.0
TOG,Kara,168.0,62.0
TOG,Maritime,177.66666666666666,79.0
TOG,Plateaux,173.0,71.5
TOG,Savanes,188.0,78.0
TPE,Kaohsiung,170.22727272727272,66.9090909090909
TPE,New Taipei,170.2,59.2
TPE,Taichung,173.8125,70.0
TPE,Tainan,173.72222222222223,71.11111111111111
TPE,Taiwan,172.46923076923076,70.56923076923077
TPE,Taoyuan,169.0,69.0
TTO,Arima,175.16666666666666,72.66666666666667
TTO,Chaguanas,179.4,73.5
TTO,Couva-Tabaquite-Talparo,184.0,73.0
TTO,Diego Martin,171.5,71.0
TTO,Penal-Debe,180.0,72.0
TTO,Point Fortin,180.33333333333334,68.33333333333333
TTO,Port of Spain,176.65217391304347,72.46666666666667
TTO,Rio Claro-Mayaro,172.0,74.0
TTO,San Fernando,176.30769230769232,72.84615384615384
TTO,San Juan-Laventille,174.0,68.25
TTO,Sangre Grande,183.0,90.0
TTO,Siparia,173.71428571428572,67.0
TTO,Tobago,172.2,66.8
TTO,Tunapuna-Piarco,180.2,72.8
TUN,Ariana,174.0,69.5
TUN,Ben Arous,179.0,70.0
TUN,Bizerte,176.25,67.75
TUN,Béja,171.33333333333334,63.333333333333336
TUN,Gabès,165.0,65.0
TUN,Gafsa,175.5,68.25
TUN,Jendouba,181.5,73.33333333333333
TUN,Kairouan,181.11111111111111,73.44444444444444
TUN,Kasserine,179.66666666666666,78.33333333333333
TUN,Kebili,184.25,80.0
TUN,Kef,168.0,58.333333333333336
TUN,Mahdia,188.75,90.5
TUN,Manouba,199.0,80.0
TUN,Monastir,179.88888888888889,75.66666666666667
TUN,Nabeul,187.6153846153846,85.3076923076923
TUN,Sfax,182.1818181818182,78.27272727272727
TUN,Sidi Bouzid,171.25,63.25
TUN,Siliana,168.0,51.0
TUN,Susa,182.0909090909091,76.27272727272727
TUN,Tozeur,196.0,130.0
TUN,Tunis,176.38738738738738,72.52727272727273
TUR,Adana,174.93333333333334,68.33333333333333
TUR,Afyonkarahisar,160.0,50.5
TUR,Amasya,173.8,79.0
TUR,Ankara,174.0,71.36666666666666
TUR,Antalya,169.0,62.5
TUR,Ardahan,165.0,47.0
TUR,Artvin,166.0,60.0
TUR,Aydın,174.5,70.25
TUR,Ağrı,177.14285714285714,66.5
TUR,Balıkesir,179.0,71.83333333333333
TUR,Bayburt,174.33333333333334,69.0
TUR,Bitlis,170.66666666666666,62.666666666666664
TUR,Bolu,161.0,54.0
TUR,Bursa,172.0,61.833333333333336
TUR,Denizli,174.0,70.33333333333333
TUR,Diyarbakır,172.2,68.6
TUR,Düzce,170.0,60.0
TUR,Elazığ,175.66666666666666,63.666666666666664
TUR,Erzincan,175.5,84.0
TUR,Erzurum,171.9,70.2
TUR,Eskişehir,171.14285714285714,61.142857142857146
TUR,Gaziantep,173.25,74.25
TUR,Giresun,191.0,119.0
TUR,Gümüşhane,160.0,52.0
TUR,Hatay,174.0,62.0
TUR,Isparta,168.0,53.0
TUR,Iğdır,,
TUR,Kahramanmaraş,170.33333333333334,67.66666666666667
TUR,Karabük,178.0,96.0
TUR,Karaman,178.0,67.0
TUR,Kars,171.78947368421052,68.89473684210526
TUR,Kayseri,170.83333333333334,62.166666666666664
TUR,Kocaeli,171.125,62.875
TUR,Konya,171.33333333333334,64.625
TUR,Kütahya,173.0,67.0
TUR,Kırıkkale,161.5,51.5
TUR,Malatya,,
TUR,Manisa,177.4,72.0
TUR,Mersin,174.75,76.0
TUR,Muğla,176.5,57.0
TUR,Muş,174.0,70.0
TUR,Ordu,175.0,73.0
TUR,Osmaniye,173.0,65.0
TUR,Rize,172.0,75.0
TUR,Sakarya,176.42857142857142,76.0
TUR,Samsun,172.28571428571428,70.28571428571429
TUR,Sinop,184.0,85.0
TUR,Sivas,174.0,77.5
TUR,Tekirdağ,,
TUR,Tokat,168.8181818181818,65.72727272727273
TUR,Trabzon,172.27272727272728,68.72727272727273
TUR,Van,171.5,69.0
TUR,Yalova,170.0,78.0
TUR,Yozgat,175.5,82.5
TUR,Çanakkale,179.0,69.0
TUR,Çankırı,163.0,52.0
TUR,Çorum,170.66666666666666,69.25
TUR,İstanbul,176.2941176470588,74.875
TUR,İzmir,178.56521739130434,74.56521739130434
TUR,Şırnak,162.0,62.0
TUV,Funafuti,180.0,73.0
TUV,Nukulaelae,,
UAE,Abu Dhabi,176.16666666666666,73.66666666666667
UAE,Dubai,172.73333333333332,69.73333333333333
UAE,Sharjah,174.5,62.0
UGA,Central,171.9090909090909,64.45454545454545
UGA,Eastern,171.44444444444446,59.888888888888886
UGA,Northern,172.75,65.25
UGA,Western,164.5,56.0
UKR,Cherkasy,179.84,76.92
UKR,Chernihiv,176.10714285714286,73.82142857142857
UKR,Chernivtsi,177.95238095238096,74.85714285714286
UKR,Dnipropetrovsk,177.57943925233644,72.51456310679612
UKR,Donetsk,177.42307692307693,75.39583333333333
UKR,Ivano-Frankivsk,173.9268292682927,70.125
UKR,Kharkiv,177.21875,72.34959349593495
UKR,Kherson,180.29545454545453,76.4186046511628
UKR,Khmelnytskyi,176.28571428571428,75.42857142857143
UKR,Kirovohrad,172.3448275862069,68.03448275862068
UKR,Krym,178.53846153846155,70.61538461538461
UKR,Kyiv,178.00420168067228,74.23305084745763
UKR,Kyiv Oblast,180.04761904761904,71.57142857142857
UKR,Luhansk,176.0,70.79310344827586
UKR,Lviv,176.109243697479,73.11206896551724
UKR,Mykolaïv,175.34883720930233,69.2439024390244
UKR,Odesa,176.86111111111111,71.20588235294117
UKR,Poltava,175.92,69.45833333333333
UKR,Rivne,176.03333333333333,70.7
UKR,Sevastopol,181.71428571428572,75.07142857142857
UKR,Sumy,174.625,71.72340425531915
UKR,Ternopil,179.38095238095238,72.57894736842105
UKR,Vinnytsia,174.0,69.15384615384616
UKR,Volyn,172.53846153846155,68.16
UKR,Zakarpattia,177.23529411764707,72.75
UKR,Zaporizhzhia,174.34375,68.61904761904762
UKR,Zhytomyr,177.9,72.55
URU,Canelones,176.5,74.33333333333333
URU,Colonia,179.44444444444446,76.66666666666667
URU,Durazno,177.0,100.0
URU,Flores,187.0,81.0
URU,Florida,173.0,71.66666666666667
URU,Lavalleja,171.0,81.0
URU,Maldonado,177.75,68.0
URU,Montevideo,177.1868131868132,73.54545454545455
URU,Paysandú,177.08333333333334,72.54545454545455
URU,Rivera,168.0,62.0
URU,Rocha,171.0,67.0
URU,Río Negro,176.0,71.66666666666667
URU,Salto,181.8,78.6
URU,San José,174.0,68.0
URU,Soriano,170.0,72.66666666666667
URU,Tacuarembó,184.5,88.5
URU,Treinta y Tres,,
USA,Alabama,179.96491228070175,73.55555555555556
USA,Alaska,173.8108108108108,68.91891891891892
USA,Arizona,176.95890410958904,73.25
USA,Arkansas,183.26315789473685,78.58333333333333
USA,California,178.99219858156027,74.58432835820895
USA,Colorado,176.31055900621118,70.69677419354839
USA,Connecticut,177.6991869918699,73.57758620689656
USA,Delaware,178.47368421052633,73.11111111111111
USA,District of Columbia,178.40217391304347,74.52941176470588
USA,Florida,176.9056603773585,72.855
USA,Georgia,178.8090909090909,75.51886792452831
USA,Hawaiʻi,176.1216216216216,74.71830985915493
USA,Idaho,172.67567567567568,69.78378378378379
USA,Illinois,178.44444444444446,73.63300492610837
USA,Indiana,178.20661157024793,73.25862068965517
USA,Iowa,178.28571428571428,74.07575757575758
USA,Kansas,180.7123287671233,75.82608695652173
USA,Kentucky,182.2826086956522,77.95454545454545
USA,Louisiana,179.225,75.82278481012658
USA,Maine,177.02439024390245,72.5609756097561
USA,Maryland,177.90816326530611,72.8936170212766
USA,Massachusetts,177.76302083333334,75.01366120218579
USA,Michigan,178.9269230769231,75.47430830039525
USA,Minnesota,177.48684210526315,75.26206896551724
USA,Mississippi,179.67241379310346,75.17241379310344
USA,Missouri,179.35384615384615,77.95384615384616
USA,Montana,175.04,70.65306122448979
USA,Nebraska,180.31914893617022,78.69047619047619
USA,Nevada,178.85185185185185,75.18518518518519
USA,New Hampshire,176.01538461538462,70.5
USA,New Jersey,177.82698961937717,74.18545454545455
USA,New Mexico,175.73333333333332,69.53571428571429
USA,New York,178.2742382271468,74.24029850746268
USA,North Carolina,180.34615384615384,74.73684210526316
USA,North Dakota,176.57142857142858,74.35714285714286
USA,Ohio,177.83397683397683,74.77327935222672
USA,Oklahoma,181.13513513513513,77.41666666666667
USA,Oregon,179.90677966101694,75.82456140350877
USA,Pennsylvania,176.54005167958655,72.15068493150685
USA,Rhode Island,175.7872340425532,73.26086956521739
USA,South Carolina,180.29545454545453,78.36585365853658
USA,South Dakota,179.2608695652174,81.78260869565217
USA,Tennessee,177.84313725490196,72.97826086956522
USA,Texas,179.80664652567975,75.43312101910828
USA,Utah,177.125,73.74647887323944
USA,Vermont,173.94736842105263,68.25454545454545
USA,Virginia,180.2,75.39795918367346
USA,Washington,178.92964824120602,75.01025641025642
USA,West Virginia,182.27777777777777,78.11764705882354
USA,Wisconsin,176.13253012048193,72.73584905660377
USA,Wyoming,178.71428571428572,79.0
UZB,Andijon,175.94117647058823,74.0
UZB,Buxoro,167.0,61.333333333333336
UZB,Fargona,173.11111111111111,65.70588235294117
UZB,Jizzax,171.66666666666666,60.666666666666664
UZB,Namangan,169.5,53.666666666666664
UZB,Navoiy,172.14285714285714,58.25
UZB,Qaraqalpaqstan Respublikasi,180.75,111.0
UZB,Qashqadaryo,174.5,78.0
UZB,Samarqand,173.35714285714286,67.3076923076923
UZB,Sirdaryo,176.0,69.0
UZB,Surxondaryo,181.0,75.0
UZB,Toshkent Shahri,177.47863247863248,71.15044247787611
UZB,Toshkent Viloyati,179.7826086956522,76.95454545454545
UZB,Xorazm,181.0,70.5
Upland,Willingen,180.0,70.0
VAN,Malampa,162.5,65.0
VAN,Penama,157.0,62.0
VAN,Sanma,167.0,58.5
VAN,Shefa,173.9,72.11111111111111
VAN,Tafea,171.0,64.0
VEN,Anzoátegui,178.5,75.0
VEN,Apure,187.33333333333334,81.33333333333333
VEN,Aragua,175.75,70.47368421052632
VEN,Barinas,180.75,74.4
VEN,Bolívar,176.9047619047619,71.75
VEN,Carabobo,171.35,69.57894736842105
VEN,Cojedes,168.5,63.0
VEN,Distrito Capital,177.77906976744185,72.75903614457832
VEN,Falcón,173.14285714285714,80.14285714285714
VEN,Guárico,171.6,66.8
VEN,Lara,172.7,66.73684210526316
VEN,Miranda,183.0,83.8
VEN,Monagas,175.85714285714286,73.66666666666667
VEN,Mérida,172.3,67.22222222222223
VEN,Nueva Esparta,186.0,85.5
VEN,Portuguesa,171.375,74.625
VEN,Sucre,177.92307692307693,75.66666666666667
VEN,Trujillo,167.5,62.5
VEN,Táchira,168.6,58.7
VEN,Vargas,178.33333333333334,71.25
VEN,Yaracuy,176.2,76.5
VEN,Zulia,176.31034482758622,72.17241379310344
VIE,An Giang,,
VIE,Bình Thuận,160.0,55.0
VIE,Bạc Liêu,162.75,53.75
VIE,Bắc Giang,163.0,58.0
VIE,Bắc Ninh,152.0,56.0
VIE,Bến Tre,167.0,58.0
VIE,Cần Thơ,172.0,60.0
VIE,Hà Nội,166.35294117647058,60.0625
VIE,Hải Dương,167.5,65.5
VIE,Hải Phòng,167.33333333333334,55.333333333333336
VIE,Khánh Hòa,165.66666666666666,61.0
VIE,Ninh Thuận,178.0,75.0
VIE,Phú Yên,157.0,47.0
VIE,Sóc Trăng,158.0,46.0
VIE,Thanh Hoá,179.0,72.0
VIE,Thành phố Hồ Chí Minh,166.6875,61.5
VIE,Thái Nguyên,164.0,52.0
VIE,Thừa Thiên-Huế,169.0,75.0
VIE,Vĩnh Long,,
VIE,Đà Nẵng,165.25,58.25
VIN,Saint George,181.2,70.6
Vienna,Wien,171.0,70.66666666666667
YEM,Adan,166.5,53.5
YEM,Dhamar,175.0,65.0
YEM,Taizz,168.0,49.0
ZAM,Central,179.0,63.0
ZAM,Copperbelt,175.40625,69.56666666666666
ZAM,Luapula,,
ZAM,Lusaka,168.53846153846155,70.77777777777777
ZAM,Northern,178.0,58.0
ZAM,Southern,167.66666666666666,61.333333333333336
ZAM,Western,164.0,49.0
ZIM,Bulawayo,173.1,64.94736842105263
ZIM,Harare,173.68852459016392,68.48333333333333
ZIM,Manicaland,172.6,63.8
ZIM,Mashonaland Central,157.0,53.0
ZIM,Mashonaland East,186.5,80.0
ZIM,Mashonaland West,177.0,67.0
ZIM,Masvingo,171.5,56.0
ZIM,Matabeleland South,160.0,48.0
ZIM,Midlands,174.0,67.2
